effect	reference_best_ms	odin_best_ms	reference_frames	odin_frames	reference_mean_ms	odin_mean_ms	reference_cpu_ms	odin_cpu_ms	reference_rss_kib	odin_rss_kib
beams	44.0	42.5	890.0	890.0	44.0	42.6	43.9	42.4	13308.0	10492.0
binarypath	302.4	297.6	1932.0	1932.0	302.4	298.1	301.7	297.3	29884.0	21308.0
blackhole	131.3	124.0	1743.0	1743.0	131.6	124.9	131.2	124.4	13668.0	10872.0
bouncyballs	92.7	90.5	10393.0	10393.0	92.9	90.6	92.7	90.4	11576.0	8924.0
bubbles	132.3	129.0	11658.0	11658.0	132.4	129.1	132.1	128.8	12732.0	10016.0
burn	63.4	64.0	3237.0	3237.0	63.9	64.0	63.7	63.8	13940.0	13976.0
colorshift	29.7	29.4	528.0	528.0	29.7	29.4	29.6	29.3	11420.0	8832.0
crumble	88.1	85.7	2159.0	2159.0	88.1	85.8	87.8	85.5	11952.0	9100.0
decrypt	59.4	54.3	5480.0	5480.0	59.6	54.4	59.4	54.2	13888.0	11124.0
errorcorrect	24.5	23.8	5221.0	5221.0	24.6	23.8	24.4	23.7	13168.0	10492.0
expand	49.2	49.2	302.0	302.0	49.3	49.3	49.1	49.1	10812.0	7972.0
fireworks	148.1	147.3	1516.0	1516.0	148.3	147.3	147.9	146.9	11432.0	8644.0
highlight	6.1	5.8	129.0	129.0	6.1	5.8	6.0	5.7	12620.0	9724.0
laseretch	112.9	113.3	14307.0	14307.0	113.6	113.4	113.3	113.1	14968.0	14872.0
middleout	25.5	25.0	235.0	235.0	25.7	25.0	25.5	24.9	11232.0	8428.0
orbittingvolley	46.2	46.4	1156.0	1156.0	46.2	46.5	46.0	46.3	13784.0	13980.0
overflow	22.4	22.2	164.0	164.0	22.4	22.2	22.3	22.1	20308.0	21148.0
pour	46.9	46.4	7160.0	7160.0	47.0	46.4	46.8	46.3	11584.0	8824.0
print	17.4	17.4	10057.0	10057.0	17.4	17.5	17.3	17.4	11964.0	12304.0
rain	45.0	43.8	4736.0	4736.0	45.1	43.9	44.9	43.7	11416.0	8824.0
randomsequence	6.5	6.2	208.0	208.0	6.5	6.2	6.5	6.1	11624.0	8764.0
rings	189.5	195.0	1566.0	1566.0	189.7	195.1	189.2	194.6	12360.0	9580.0
scattered	87.8	87.8	420.0	420.0	87.9	87.9	87.6	87.7	11192.0	8468.0
slice	21.3	21.0	368.0	368.0	21.3	21.0	21.2	20.9	13864.0	11088.0
slide	35.3	34.9	375.0	375.0	35.4	34.9	35.2	34.7	11420.0	8832.0
smoke	25.4	25.1	630.0	630.0	25.4	25.2	25.3	25.0	13732.0	11028.0
spotlights	63.7	64.5	780.0	780.0	63.9	64.5	63.6	64.3	11032.0	8180.0
spray	75.0	74.5	1253.0	1253.0	75.1	74.5	74.9	74.2	11008.0	8344.0
swarm	236.1	233.0	4312.0	4312.0	236.1	233.1	235.4	232.4	21612.0	18824.0
sweep	12.1	11.9	220.0	220.0	12.2	11.9	12.1	11.8	15992.0	13308.0
synthgrid	16.5	16.2	617.0	617.0	16.5	16.2	16.4	16.1	16456.0	16768.0
unstable	97.5	96.3	592.0	592.0	97.7	96.4	97.4	96.1	13216.0	10504.0
vhstape	48.0	47.6	726.0	726.0	48.1	47.6	47.9	47.5	20036.0	17300.0
waves	31.0	29.1	633.0	633.0	31.0	29.2	30.9	29.0	11580.0	8728.0
wipe	8.0	7.8	138.0	138.0	8.0	7.8	7.9	7.7	15068.0	12380.0
