effect	before_wall_ms	after_wall_ms	before_cpu_ms	after_cpu_ms	before_peak_rss_kib	after_peak_rss_kib	before_frames	after_frames
beams	48.4	45.4	51.5	45.6	12556	13328	890	890
binarypath	376.8	310.4	380.3	310.3	26792	29896	1932	1932
blackhole	138.5	131.0	138.4	130.9	12844	13672	1743	1743
bouncyballs	102.0	93.8	102.4	94.0	10812	11604	10393	10393
bubbles	149.3	134.4	149.1	133.9	12092	12712	11658	11658
burn	72.4	68.1	72.3	68.3	13108	13944	3237	3237
colorshift	37.5	35.2	37.5	35.0	10740	11420	528	528
crumble	100.6	90.0	100.5	90.3	11192	11908	2159	2159
decrypt	64.9	61.9	64.7	61.7	13204	13716	5480	5480
errorcorrect	31.2	26.4	31.2	26.4	12400	13152	5221	5221
expand	52.6	50.2	52.4	50.5	10088	10848	302	302
fireworks	154.6	149.8	154.8	149.5	10748	11432	1516	1516
highlight	7.0	6.9	7.0	6.8	11944	12660	129	129
laseretch	126.4	115.7	126.2	116.2	14192	14912	14307	14307
middleout	27.1	26.3	27.1	26.3	10436	11220	235	235
orbittingvolley	54.6	47.5	54.6	47.3	13096	13756	1156	1156
overflow	28.4	24.0	28.3	23.9	18908	20316	164	164
pour	51.0	48.9	50.9	48.7	10788	11576	7160	7160
print	22.7	18.7	22.6	18.9	11320	11964	10057	10057
rain	50.2	46.6	50.3	46.4	10700	11384	4736	4736
randomsequence	7.6	7.5	7.5	7.5	10864	11616	208	208
rings	207.2	192.6	207.2	192.8	11588	12340	1566	1566
scattered	97.4	90.0	98.0	89.8	10232	10976	420	420
slice	25.2	23.1	25.1	23.1	13096	13732	368	368
slide	45.1	37.7	45.0	37.7	10792	11388	375	375
smoke	29.4	27.3	29.2	27.3	13056	13732	630	630
spotlights	70.1	64.8	70.5	64.7	10288	10996	780	780
spray	87.4	76.1	87.3	75.8	10232	11040	1253	1253
swarm	255.5	239.7	256.4	239.0	20560	21604	4312	4312
sweep	14.1	13.5	14.0	13.5	15352	16000	220	220
synthgrid	19.9	18.3	19.7	18.4	15692	16444	617	617
unstable	110.8	99.5	111.0	99.6	12408	13252	592	592
vhstape	57.4	49.9	57.1	49.7	19268	20060	726	726
waves	36.8	36.1	36.7	36.0	10864	11620	633	633
wipe	9.9	9.0	9.9	9.0	14392	15064	138	138
