experiment	effect	before_best_ms	after_best_ms	before_frames	after_frames	before_mean_ms	after_mean_ms	before_cpu_ms	after_cpu_ms	before_rss_kib	after_rss_kib
full.log	beams	14.0	14.2	890	890	14.1	14.2	14.0	14.1	12204	12380
full.log	binarypath	163.5	177.0	1932	1932	163.6	177.1	163.1	176.6	20136	20712
full.log	blackhole	55.8	111.4	1743	1743	55.9	111.8	55.7	111.4	12220	12412
full.log	bouncyballs	33.7	34.1	10393	10393	33.7	34.1	33.5	34.0	10252	10384
full.log	bubbles	48.6	49.7	11658	11658	48.6	49.7	48.4	49.5	11524	11700
full.log	burn	21.7	22.2	3237	3237	21.7	22.3	21.6	22.2	14852	14972
full.log	colorshift	17.4	17.9	528	528	17.5	18.0	17.4	17.9	9144	9308
full.log	crumble	42.1	47.0	2159	2159	42.1	47.0	41.9	46.8	13140	13432
full.log	decrypt	24.5	25.5	5480	5480	24.5	25.5	24.4	25.4	18704	18912
full.log	errorcorrect	12.1	12.2	5221	5221	12.1	12.2	12.0	12.2	9796	9996
full.log	expand	20.5	31.9	302	302	20.5	31.9	20.4	31.8	11216	11576
full.log	fireworks	57.4	61.2	1516	1516	58.5	61.2	58.3	61.0	16208	16440
full.log	highlight	3.4	3.6	129	129	3.4	3.7	3.3	3.6	11216	11548
full.log	laseretch	44.0	44.9	14307	14307	44.0	44.9	43.9	44.8	15360	15992
full.log	middleout	15.9	37.2	235	235	16.0	37.3	15.9	37.1	12756	12952
full.log	orbittingvolley	19.0	21.7	1156	1156	19.0	21.7	18.9	21.6	13328	13516
full.log	overflow	11.0	11.3	164	164	11.0	11.4	10.9	11.3	18048	18484
full.log	pour	16.7	16.9	7160	7160	16.8	16.9	16.7	16.8	10060	10224
full.log	print	6.9	7.0	10057	10057	6.9	7.0	6.8	6.9	12876	13080
full.log	rain	16.7	17.0	4736	4736	16.7	17.0	16.6	16.9	9868	10060
full.log	randomsequence	3.9	4.1	208	208	3.9	4.1	3.9	4.1	10248	10392
full.log	rings	79.4	87.2	1566	1566	79.6	87.3	79.3	87.0	11956	12180
full.log	scattered	31.0	34.1	420	420	31.0	34.1	30.9	33.9	10064	10252
full.log	slice	6.0	7.0	368	368	6.0	7.0	5.9	6.9	10420	10616
full.log	slide	17.4	18.6	375	375	17.4	18.6	17.3	18.5	12280	10640
full.log	smoke	13.5	13.8	630	630	13.5	13.8	13.4	13.7	12288	12528
full.log	spotlights	32.2	33.0	780	780	32.3	33.0	32.2	32.9	9868	10072
full.log	spray	23.9	25.1	1253	1253	23.9	25.2	23.8	25.0	9912	10100
full.log	swarm	107.6	117.5	4312	4312	107.7	117.7	107.4	117.4	21728	23760
full.log	sweep	5.1	5.2	220	220	5.1	5.3	5.0	5.2	17036	17236
full.log	synthgrid	8.4	8.6	617	617	8.4	8.6	8.3	8.6	14300	14492
full.log	unstable	37.1	40.9	592	592	37.1	40.9	36.9	40.7	10640	12464
full.log	vhstape	27.5	28.2	726	726	27.6	28.3	27.4	28.1	18892	19048
full.log	waves	22.4	23.5	633	633	22.4	23.5	22.3	23.3	12000	10392
full.log	wipe	4.4	4.6	138	138	4.5	4.6	4.4	4.6	16036	16284
quick-screen.log	middleout	15.9	12.0	235	235	15.9	12.1	15.8	12.0	12792	12988
quick-screen.log	blackhole	55.5	65.4	1743	1743	55.6	65.5	55.4	65.3	12220	12528
quick-screen.log	binarypath	162.5	172.7	1932	1932	162.6	172.9	162.1	172.4	20152	20504
quick-screen.log	slide	17.3	18.5	375	375	17.4	18.5	17.3	18.4	10280	10632
quick-full.log	beams	14.0	14.2	890	890	14.1	14.2	14.0	14.1	12200	12376
quick-full.log	binarypath	162.5	172.7	1932	1932	162.9	172.8	162.4	172.3	20088	20620
quick-full.log	blackhole	55.6	65.4	1743	1743	55.6	65.5	55.4	65.3	12212	12492
quick-full.log	bouncyballs	33.5	34.0	10393	10393	33.5	34.0	33.4	33.9	10252	10380
quick-full.log	bubbles	48.4	49.5	11658	11658	48.5	49.5	48.3	49.3	11524	11780
quick-full.log	burn	21.6	22.1	3237	3237	22.0	22.1	21.9	22.0	14848	14976
quick-full.log	colorshift	17.4	17.9	528	528	17.4	17.9	17.3	17.8	9104	9300
quick-full.log	crumble	41.9	43.7	2159	2159	41.9	43.7	41.8	43.6	13128	13416
quick-full.log	decrypt	24.4	25.4	5480	5480	24.4	25.4	24.3	25.3	18696	18816
quick-full.log	errorcorrect	12.1	12.2	5221	5221	12.1	12.2	12.0	12.1	9792	10008
quick-full.log	expand	20.3	22.4	302	302	20.4	22.4	20.2	22.3	11208	11596
quick-full.log	fireworks	57.2	60.3	1516	1516	57.2	60.3	57.0	60.1	16204	16416
quick-full.log	highlight	3.4	3.5	129	129	3.4	3.5	3.3	3.4	11216	11604
quick-full.log	laseretch	43.8	44.7	14307	14307	43.8	44.8	43.6	44.6	13500	15940
quick-full.log	middleout	15.9	12.0	235	235	15.9	12.0	15.8	11.9	12748	12948
quick-full.log	orbittingvolley	18.9	20.0	1156	1156	18.9	20.0	18.8	19.9	13316	13492
quick-full.log	overflow	10.9	11.1	164	164	10.9	11.1	10.8	11.0	18036	18372
quick-full.log	pour	16.7	16.9	7160	7160	16.7	16.9	16.6	16.8	10060	10224
quick-full.log	print	6.9	7.0	10057	10057	6.9	7.0	6.8	6.9	12876	13080
quick-full.log	rain	16.6	16.8	4736	4736	16.6	16.8	16.5	16.7	9872	10044
quick-full.log	randomsequence	3.9	4.1	208	208	3.9	4.1	3.8	4.0	10256	10396
quick-full.log	rings	79.1	85.6	1566	1566	79.2	85.7	78.9	85.4	11972	12120
quick-full.log	scattered	30.8	33.9	420	420	30.8	34.0	30.7	33.8	10052	10264
quick-full.log	slice	5.9	6.6	368	368	6.0	6.6	5.9	6.6	10416	10620
quick-full.log	slide	17.3	18.5	375	375	17.3	18.5	17.2	18.4	12108	10640
quick-full.log	smoke	13.5	14.2	630	630	13.5	14.2	13.4	14.1	12220	12616
quick-full.log	spotlights	31.9	32.9	780	780	32.0	32.9	31.8	32.8	9868	10068
quick-full.log	spray	23.7	25.1	1253	1253	23.7	25.1	23.6	24.9	9900	10092
quick-full.log	swarm	106.9	112.2	4312	4312	107.0	112.3	106.6	112.0	21608	23676
quick-full.log	sweep	5.0	5.2	220	220	5.0	5.2	5.0	5.1	17020	17224
quick-full.log	synthgrid	8.4	8.7	617	617	8.4	8.7	8.3	8.6	14292	14488
quick-full.log	unstable	36.9	40.3	592	592	37.0	40.3	36.8	40.2	12304	12640
quick-full.log	vhstape	27.4	28.2	726	726	27.4	28.4	27.3	28.3	18880	19112
quick-full.log	waves	22.3	23.4	633	633	22.3	23.4	22.2	23.3	10260	10392
quick-full.log	wipe	4.5	4.7	138	138	4.5	4.7	4.4	4.6	16080	16296
sorted-screen.log	middleout	12.0	12.1	235	235	12.1	12.1	12.0	12.0	12960	12948
sorted-screen.log	blackhole	65.4	65.5	1743	1743	65.6	65.6	65.4	65.3	12528	12508
sorted-screen.log	binarypath	172.6	171.6	1932	1932	172.7	171.7	172.2	171.2	20780	20616
sorted-screen.log	slide	18.5	18.4	375	375	18.5	18.4	18.4	18.3	10636	10644
merge-screen.log	middleout	15.8	7.5	235	235	15.9	7.5	15.8	7.4	12724	12956
merge-screen.log	blackhole	55.4	54.7	1743	1743	55.5	54.8	55.3	54.5	12212	12416
merge-screen.log	binarypath	162.5	170.8	1932	1932	162.9	171.1	162.4	170.6	20176	20756
merge-screen.log	slide	17.3	18.2	375	375	17.3	18.2	17.2	18.1	11924	10644
fast-screen.log	middleout	15.9	7.4	235	235	15.9	7.4	15.8	7.4	12752	12756
fast-screen.log	blackhole	55.5	53.6	1743	1743	55.5	53.6	55.3	53.4	12212	12304
fast-screen.log	binarypath	162.5	168.0	1932	1932	162.8	168.2	162.3	167.8	20100	20180
fast-screen.log	slide	17.3	16.8	375	375	17.3	16.8	17.2	16.7	12116	10456
preallocated-full.log	beams	14.0	14.1	890	890	14.0	14.1	13.9	14.0	12176	12380
preallocated-full.log	binarypath	162.7	167.8	1932	1932	162.9	168.2	162.4	167.7	20008	20280
preallocated-full.log	blackhole	55.5	53.3	1743	1743	55.5	53.4	55.3	53.2	12248	12500
preallocated-full.log	bouncyballs	33.6	34.1	10393	10393	33.6	34.1	33.4	33.9	10244	10452
preallocated-full.log	bubbles	48.4	48.6	11658	11658	48.4	48.6	48.2	48.4	11532	11784
preallocated-full.log	burn	21.6	22.0	3237	3237	21.6	22.0	21.5	21.9	14844	15008
preallocated-full.log	colorshift	17.4	17.6	528	528	17.5	17.6	17.4	17.5	9140	9304
preallocated-full.log	crumble	41.9	41.9	2159	2159	41.9	41.9	41.7	41.7	13244	13472
preallocated-full.log	decrypt	24.3	25.1	5480	5480	24.4	25.1	24.3	25.0	18688	18836
preallocated-full.log	errorcorrect	12.1	12.2	5221	5221	12.1	12.2	12.0	12.1	9812	10024
preallocated-full.log	expand	20.4	19.4	302	302	20.4	19.4	20.3	19.3	11212	11376
preallocated-full.log	fireworks	57.1	57.4	1516	1516	57.1	57.4	56.9	57.2	16220	16388
preallocated-full.log	highlight	3.4	3.5	129	129	3.4	3.5	3.3	3.4	11220	11420
preallocated-full.log	laseretch	43.8	44.4	14307	14307	43.9	44.4	43.7	44.3	15328	13852
preallocated-full.log	middleout	15.8	7.4	235	235	15.9	7.4	15.8	7.3	12748	12960
preallocated-full.log	orbittingvolley	18.9	19.4	1156	1156	18.9	19.4	18.8	19.3	13328	15384
preallocated-full.log	overflow	10.9	11.1	164	164	11.0	11.1	10.9	11.0	18052	18384
preallocated-full.log	pour	16.7	16.8	7160	7160	16.7	16.8	16.6	16.7	10072	10068
preallocated-full.log	print	6.9	6.8	10057	10057	6.9	6.9	6.8	6.8	12836	13096
preallocated-full.log	rain	16.6	16.8	4736	4736	16.6	16.8	16.5	16.7	9832	10068
preallocated-full.log	randomsequence	3.9	4.1	208	208	3.9	4.1	3.8	4.0	10256	10212
preallocated-full.log	rings	79.1	81.9	1566	1566	79.2	81.9	78.9	81.6	11972	12124
preallocated-full.log	scattered	30.8	32.3	420	420	30.8	32.3	30.7	32.1	10064	10176
preallocated-full.log	slice	5.9	6.0	368	368	5.9	6.0	5.9	5.9	10420	10620
preallocated-full.log	slide	17.3	16.7	375	375	17.3	16.7	17.2	16.6	11932	10400
preallocated-full.log	smoke	13.5	13.7	630	630	13.5	13.7	13.4	13.6	12280	12532
preallocated-full.log	spotlights	32.0	32.7	780	780	32.0	32.8	31.9	32.6	9868	10064
preallocated-full.log	spray	23.7	24.6	1253	1253	23.7	24.6	23.6	24.4	9908	10120
preallocated-full.log	swarm	107.1	109.3	4312	4312	107.3	109.3	106.9	109.0	23492	23644
preallocated-full.log	sweep	5.0	5.2	220	220	5.0	5.2	5.0	5.1	17032	17080
preallocated-full.log	synthgrid	8.4	8.6	617	617	8.4	8.6	8.3	8.5	14292	14496
preallocated-full.log	unstable	36.9	37.1	592	592	36.9	37.1	36.8	36.9	12428	12584
preallocated-full.log	vhstape	27.4	27.2	726	726	27.5	27.3	27.4	27.1	18912	18956
preallocated-full.log	waves	22.4	23.1	633	633	22.4	23.2	22.2	23.0	12004	10408
preallocated-full.log	wipe	4.4	4.6	138	138	4.4	4.6	4.4	4.5	16072	16164
