effect	before_best_ms	candidate_best_ms	before_batch	candidate_batch	before_frames	candidate_frames	before_mean_ms	candidate_mean_ms	before_cpu_ms	candidate_cpu_ms	before_rss_kib	candidate_rss_kib
beams	61.5	59.0	5	5	890	890	61.5	60.0	61.3	59.8	10508	10472
binarypath	338.4	260.2	1	2	1932	1932	346.7	260.7	345.8	259.9	23416	24144
blackhole	150.6	142.9	2	3	1743	1743	151.4	143.0	151.0	142.6	8720	8736
bouncyballs	161.0	124.5	2	3	10393	10393	161.3	125.0	160.9	124.7	8716	8728
bubbles	195.2	165.3	2	2	11658	11658	195.7	165.6	195.2	165.2	9848	9848
burn	163.2	171.0	2	2	3237	3237	163.5	171.3	163.0	170.7	11756	11996
colorshift	23.9	21.2	13	15	528	528	23.9	21.3	23.8	21.1	8604	8604
crumble	101.2	90.5	3	4	2159	2159	102.2	90.5	101.9	90.2	8896	8936
decrypt	102.9	83.3	3	4	5480	5480	103.5	83.5	103.2	83.2	10848	11104
errorcorrect	166.9	143.5	2	3	5221	5221	169.7	144.0	169.2	143.6	8164	8136
expand	52.7	51.2	6	6	302	302	52.7	51.3	52.5	51.1	7772	7948
fireworks	196.8	187.5	2	2	1516	1516	197.0	187.5	196.5	187.0	8336	8504
highlight	8.4	7.7	35	39	129	129	8.4	7.7	8.3	7.7	11696	11784
laseretch	392.5	393.3	1	1	14307	14307	393.4	395.1	392.3	394.1	12708	12804
middleout	29.5	28.2	11	11	235	235	29.5	28.2	29.4	28.1	8160	8348
orbittingvolley	58.3	55.6	6	6	1156	1156	58.6	55.9	58.4	55.7	9696	9884
overflow	21.5	19.0	14	16	164	164	21.5	19.1	21.4	19.0	15456	15920
pour	83.1	76.7	4	4	7160	7160	83.5	77.0	83.2	76.8	8516	8600
print	120.3	66.7	3	5	10057	10057	121.9	66.9	121.6	66.7	9848	11868
rain	66.4	70.0	5	5	4736	4736	66.5	70.1	66.3	69.9	8552	8532
randomsequence	12.4	11.2	24	27	208	208	12.4	11.2	12.3	11.1	8544	8740
rings	224.2	217.3	2	2	1566	1566	224.4	217.3	223.8	216.7	9312	9508
scattered	81.0	80.1	4	4	420	420	81.1	80.1	80.9	79.9	8200	8208
slice	21.9	20.4	14	15	368	368	22.0	20.5	21.8	20.4	8708	8712
slide	30.9	28.6	10	11	375	375	30.9	28.6	30.8	28.5	8552	8548
smoke	39.5	37.9	8	8	630	630	39.6	38.0	39.4	37.8	10700	10772
spotlights	90.7	86.5	4	4	780	780	91.0	86.6	90.7	86.3	7944	8156
spray	106.3	101.3	3	3	1253	1253	106.3	101.4	106.0	101.0	8168	8156
swarm	282.0	266.7	2	2	4312	4312	282.4	267.2	281.6	266.4	18052	18152
sweep	18.1	16.9	17	18	220	220	18.1	16.9	18.0	16.8	13032	13080
synthgrid	23.7	19.4	13	16	617	617	23.7	19.4	23.6	19.3	14408	14612
unstable	88.7	85.7	4	4	592	592	88.9	85.8	88.6	85.5	8168	8428
vhstape	43.0	40.4	7	8	726	726	43.1	40.4	42.9	40.3	17076	17136
waves	33.9	31.1	9	10	633	633	33.9	31.2	33.8	31.0	8612	8716
wipe	9.4	8.7	32	35	138	138	9.5	8.7	9.4	8.6	14136	12188
