effect	asm_best_ms	candidate_best_ms	asm_batch	candidate_batch	asm_frames	candidate_frames	asm_mean_ms	candidate_mean_ms	asm_cpu_ms	candidate_cpu_ms	asm_rss_kib	candidate_rss_kib
beams	21.8	58.8	12	6	732	890	22.0	58.8	21.9	58.6	89808	10520
binarypath	361.1	260.2	1	2	1891	1932	362.1	261.4	361.0	260.7	247316	24148
blackhole	124.2	142.8	3	3	1800	1743	124.5	143.0	124.1	142.6	92108	8680
bouncyballs	50.9	123.8	6	3	9093	10393	51.1	124.2	50.9	123.9	79436	8732
bubbles	83.6	164.4	4	2	11742	11658	83.8	166.0	83.5	165.5	92100	9880
burn	37.3	170.5	8	2	3175	3237	37.5	171.6	37.3	171.1	95960	13784
colorshift	18.8	21.2	15	14	528	528	18.9	21.2	18.8	21.1	85684	8596
crumble	73.4	90.3	5	4	1835	2159	74.0	90.6	73.7	90.3	98132	8912
decrypt	27.5	83.0	11	4	5438	5480	27.6	83.3	27.5	83.0	81396	11024
errorcorrect	24.6	142.8	12	3	5237	5221	24.7	143.3	24.6	142.9	85780	8148
expand	46.6	51.2	7	6	302	302	46.7	51.3	46.5	51.1	83640	7968
fireworks	117.6	187.6	3	2	1553	1516	117.8	187.8	117.4	187.3	96196	8552
highlight	5.5	7.7	50	37	129	129	5.5	7.7	5.5	7.6	71356	11744
laseretch	82.3	393.1	4	1	14306	14307	82.4	395.6	82.1	394.6	89936	12960
middleout	26.2	28.3	12	11	235	235	26.4	28.3	26.2	28.1	79732	8344
orbittingvolley	24.9	55.8	12	6	1156	1156	24.9	55.9	24.8	55.7	79808	9896
overflow	35.2	19.0	9	16	306	164	35.5	19.0	35.4	18.9	63164	15908
pour	30.3	77.1	10	4	7160	7160	30.4	77.3	30.2	77.1	75360	8572
print	11.5	66.5	25	5	10057	10057	11.6	66.9	11.5	66.7	81680	12060
rain	36.0	69.8	9	5	4737	4736	36.1	70.1	35.9	69.9	83640	8544
randomsequence	6.5	11.2	43	26	208	208	6.5	11.2	6.5	11.1	69120	8744
rings	137.0	217.3	3	2	1566	1566	137.3	217.4	136.8	216.8	102352	9512
scattered	49.2	80.1	6	4	418	420	49.3	80.2	49.1	79.9	83568	8228
slice	24.3	20.5	13	15	368	368	24.4	20.5	24.2	20.4	67372	8772
slide	25.8	28.6	12	11	375	375	25.9	28.6	25.7	28.5	77548	8548
smoke	20.4	38.0	15	8	565	630	20.5	38.1	20.4	37.9	118452	10820
spotlights	31.7	86.6	9	4	800	780	31.7	86.8	31.5	86.5	90128	8164
spray	36.8	101.2	8	3	661	1253	36.9	101.3	36.7	101.0	85644	8172
swarm	203.3	266.6	2	2	5041	4312	204.0	267.2	203.4	266.5	120660	18488
sweep	5.6	16.9	43	18	220	220	5.6	16.9	5.5	16.8	71356	13096
synthgrid	7.4	19.4	39	16	619	617	7.4	19.4	7.3	19.3	79560	14632
unstable	63.2	85.7	5	4	530	592	63.3	85.8	63.1	85.5	79744	8356
vhstape	30.2	40.4	10	8	736	726	30.2	40.5	30.1	40.3	93936	17152
waves	22.8	31.1	13	10	633	633	22.9	31.2	22.8	31.0	85776	8800
wipe	5.8	8.7	49	34	138	138	5.8	8.7	5.7	8.6	71348	14204
