effect	baseline_ms	exact_color_store_ms	frames
beams	61.7	61.3	890
binarypath	344.0	334.0	1932
blackhole	150.8	150.4	1743
bouncyballs	161.4	160.8	10393
bubbles	193.9	196.1	11658
burn	163.8	163.4	3237
colorshift	23.8	23.8	528
crumble	102.5	101.4	2159
decrypt	103.2	102.4	5480
errorcorrect	167.7	169.5	5221
expand	53.5	52.6	302
fireworks	197.1	196.3	1516
highlight	8.5	8.4	129
laseretch	391.9	393.2	14307
middleout	29.5	29.6	235
orbittingvolley	58.4	58.8	1156
overflow	21.7	21.5	164
pour	83.5	83.3	7160
print	119.5	120.1	10057
rain	66.2	66.2	4736
randomsequence	12.9	12.4	208
rings	226.0	224.6	1566
scattered	80.9	81.1	420
slice	21.8	22.0	368
slide	30.8	30.9	375
smoke	39.7	39.5	630
spotlights	90.8	90.6	780
spray	107.2	106.3	1253
swarm	281.7	281.0	4312
sweep	18.2	18.1	220
synthgrid	23.4	23.7	617
unstable	88.5	88.7	592
vhstape	42.9	42.9	726
waves	33.6	33.7	633
wipe	9.5	9.5	138
