effect	asm_ms	otfx_ms	asm_frames	otfx_frames
beams	21.5	61.2	732	890
binarypath	361.2	334.4	1891	1932
blackhole	125.0	152.6	1800	1743
bouncyballs	51.1	162.0	9093	10393
bubbles	83.8	195.9	11742	11658
burn	37.8	165.2	3175	3237
colorshift	18.7	23.7	528	528
crumble	74.3	102.9	1835	2159
decrypt	27.7	103.0	5438	5480
errorcorrect	24.8	167.5	5237	5221
expand	46.9	53.7	302	302
fireworks	117.9	195.1	1553	1516
highlight	5.6	8.5	129	129
laseretch	82.5	389.1	14306	14307
middleout	26.1	29.6	235	235
orbittingvolley	24.9	58.7	1156	1156
overflow	35.3	21.9	306	164
pour	30.5	84.4	7160	7160
print	11.6	127.0	10057	10057
rain	36.1	66.6	4737	4736
randomsequence	6.5	12.4	208	208
rings	136.8	223.3	1566	1566
scattered	49.1	81.3	418	420
slice	24.3	21.9	368	368
slide	25.7	31.0	375	375
smoke	20.4	39.8	565	630
spotlights	32.1	91.4	800	780
spray	37.1	103.8	661	1253
swarm	203.4	283.1	5041	4312
sweep	5.7	18.1	220	220
synthgrid	7.5	23.6	619	617
unstable	63.6	88.5	530	592
vhstape	30.3	43.1	736	726
waves	23.1	34.1	633	633
wipe	6.1	9.6	138	138
