effect	asm_best_ms	otfx_best_ms	asm_frames	otfx_frames	asm_mean_ms	otfx_mean_ms	asm_cpu_ms	otfx_cpu_ms	asm_rss_kib	otfx_rss_kib
beams	11.7	14.2	732	890	11.8	14.2	11.6	14.1	38244	12196
binarypath	184.1	163.1	1891	1932	184.5	163.1	183.8	162.6	228812	20136
blackhole	54.8	55.6	1800	1743	54.8	55.7	54.6	55.5	60916	12200
bouncyballs	29.6	33.2	9093	10393	29.6	33.2	29.4	33.1	42184	10216
bubbles	46.7	48.3	11742	11658	46.8	48.3	46.6	48.2	59580	11448
burn	25.8	21.8	3175	3237	25.9	21.8	25.8	21.7	48788	12936
colorshift	17.2	17.5	528	528	17.2	17.5	17.1	17.4	39984	9096
crumble	48.9	41.9	1835	2159	48.9	42.1	48.7	42.0	65728	13204
decrypt	16.9	24.5	5438	5480	16.9	24.6	16.8	24.4	39904	18680
errorcorrect	22.4	12.0	5237	5221	22.5	12.1	22.4	12.0	44412	9780
expand	16.6	20.4	302	302	16.6	20.4	16.5	20.2	46072	11212
fireworks	62.5	57.1	1553	1516	62.6	57.1	62.3	56.9	61940	16244
highlight	2.8	3.4	129	129	2.8	3.4	2.7	3.3	29548	11204
laseretch	59.4	43.9	14306	14307	59.6	43.9	59.3	43.8	40524	13608
middleout	8.4	15.8	235	235	8.4	15.8	8.3	15.7	48440	12712
orbittingvolley	17.4	18.9	1156	1156	17.5	18.9	17.3	18.7	36292	15036
overflow	12.2	10.8	306	164	12.3	10.8	12.2	10.8	18560	18016
pour	16.9	16.6	7160	7160	16.9	16.7	16.8	16.5	43928	10056
print	6.7	6.9	10057	10057	6.7	6.9	6.6	6.8	39684	12828
rain	19.4	16.7	4737	4736	19.6	16.8	19.4	16.7	48816	9860
randomsequence	3.7	3.9	208	208	3.7	3.9	3.6	3.8	29376	10244
rings	104.4	79.8	1566	1566	104.5	79.8	104.1	79.5	66332	11980
scattered	24.8	30.7	418	420	24.9	30.7	24.7	30.6	46020	10052
slice	6.6	5.9	368	368	6.6	5.9	6.6	5.9	31836	10412
slide	12.8	17.3	375	375	12.8	17.4	12.7	17.2	44192	10236
smoke	9.6	13.7	565	630	9.7	13.7	9.6	13.6	68804	12232
spotlights	26.7	37.4	800	780	26.8	37.6	26.6	37.5	48596	9608
spray	27.1	23.7	661	1253	27.1	23.8	27.0	23.6	50900	9896
swarm	96.2	106.9	5041	4312	96.6	107.0	96.2	106.6	92168	21760
sweep	4.2	5.1	220	220	4.2	5.1	4.1	5.0	31540	17024
synthgrid	5.2	8.4	619	617	5.2	8.4	5.1	8.3	34012	14280
unstable	35.4	37.0	530	592	35.4	37.0	35.2	36.9	44500	12584
vhstape	24.4	27.5	736	726	24.4	27.6	24.3	27.5	60968	18852
waves	15.8	22.4	633	633	15.8	22.5	15.7	22.3	46256	10248
wipe	2.8	4.5	138	138	2.8	4.5	2.8	4.4	29488	16072
