effect	pair	position	variant	runs	wall_ms	cpu_ms	rss_kib
matrix	1	1	before	6	60.12612083333333	59.86566666666667	17080
matrix	1	2	after	6	62.96839633333333	62.704166666666666	17080
matrix	2	1	after	6	63.001490000000004	62.70933333333333	17080
matrix	2	2	before	6	60.7992975	60.46633333333333	17080
matrix	3	1	before	6	60.2378515	59.92033333333333	17080
matrix	3	2	after	6	63.0469485	62.748	17080
matrix	4	1	after	6	62.810465666666666	62.513	17080
matrix	4	2	before	6	60.070739333333336	59.7735	17080
matrix	5	1	before	6	59.9602955	59.66866666666666	17080
matrix	5	2	after	6	63.11749066666667	62.8075	17080
matrix	6	1	after	6	63.00192533333333	62.70466666666666	17080
matrix	6	2	before	6	60.1097625	59.81466666666667	17080
