effect	variant	wall_ms	cpu_ms	peak_rss_kib	loop1_ms	loop1_rss_kib	loop1_peak_kib	loop2_ms	loop2_rss_kib	loop2_peak_kib	loop3_ms	loop3_rss_kib	loop3_peak_kib	loop4_ms	loop4_rss_kib	loop4_peak_kib	loop5_ms	loop5_rss_kib	loop5_peak_kib
beams	flat	151.2093609198928	150.45999999999998	19028	30.559983	7192	11760	29.855985	7320	11772	30.249292	7320	11900	29.709	7320	11900	29.568768	7320	11900
beams	bulk	150.6756590679288	150.028	19028	29.945813	7052	11472	29.695605	7180	11484	29.737404	7180	11612	30.044398	7180	11612	29.881382	7180	11612
beams	asm	58.77935292664915	58.369	38128	12.112941	38352	38352	11.512453	38352	38352	11.202782	38352	38352	11.162526	38352	38352	11.203754	38352	38352
binarypath	bulk	1035.934526938945	1033.111	19432	207.555447	6908	19348	207.240898	19672	19672	206.348428	19672	19672	206.55227	19672	19672	206.987304	19672	19672
binarypath	asm	923.8362619653344	920.976	229088	184.173447	229168	229168	183.995273	229168	229168	185.01083	229168	229168	183.987678	229168	229168	184.174088	229168	229168
binarypath	flat	1028.7959231063724	1025.732	19660	205.776828	7040	19576	206.230848	19804	19804	204.894387	19804	19804	205.27548	19804	19804	204.819046	19804	19804
blackhole	asm	279.64623796287924	278.60799999999995	60016	56.487109	60144	60144	55.857707	60144	60144	55.356736	60144	60144	54.977205	60144	60144	55.179965	60144	60144
blackhole	flat	330.34948795102537	329.215	19028	66.254965	7940	11120	65.555786	8068	11216	65.765028	8068	11216	65.715426	8068	11216	65.774346	8068	11216
blackhole	bulk	397.1884310012683	395.87799999999993	19028	79.406358	7964	11136	79.191065	8092	11228	79.402651	8092	11228	79.087852	8092	11228	78.973648	8092	11228
bouncyballs	flat	211.26029000151902	210.491	19028	42.342954	6432	9828	41.949387	6560	9888	42.022525	6560	10016	41.949188	6560	10016	41.87049	6560	10016
bouncyballs	bulk	210.2499029133469	209.514	19028	42.196029	6328	9392	41.761086	6456	9452	41.770884	6456	9580	41.789579	6456	9580	41.814075	6456	9580
bouncyballs	asm	149.92973790504038	149.335	44072	30.052812	44440	44440	29.781592	44440	44440	29.607845	44440	44440	29.589291	44440	44440	29.576817	44440	44440
bubbles	bulk	333.8571419008076	332.87699999999995	19028	66.997324	7268	11192	66.476449	7396	11192	66.442746	7396	11192	66.442676	7396	11192	66.462754	7396	11192
bubbles	asm	235.47732504084706	234.559	59220	46.989748	59228	59228	46.763835	59228	59228	46.535536	59228	59228	46.637206	59228	59228	46.597713	59228	59228
bubbles	flat	330.8363410178572	329.79299999999995	19028	66.231992	7328	11184	65.755831	7456	11184	65.833436	7456	11184	65.997914	7456	11184	65.883761	7456	11184
burn	asm	125.86301495321095	125.21099999999998	44860	25.218686	45160	45160	25.021235	45160	45160	24.772308	45160	45160	24.818184	45160	45160	24.652393	45160	45160
burn	flat	196.5055090840906	195.774	19028	39.965425	6904	12060	38.501816	7032	12168	38.094213	7032	12168	38.597354	7032	12168	40.281476	7032	12168
burn	bulk	194.65343200135976	193.94699999999997	19028	38.917133	8808	14304	38.739501	8936	14348	38.676302	8936	14348	38.591804	8936	14348	38.729441	8936	14348
colorshift	flat	138.3550469763577	137.761	19028	27.788696	5700	8784	27.482994	5828	8864	27.351137	5828	8864	27.441957	5828	8864	27.365394	5828	8864
colorshift	bulk	136.5517310332507	135.93299999999996	19028	27.237365	5800	9060	27.007995	5928	9132	27.207759	5928	9132	27.073036	5928	9132	27.080501	5928	9132
colorshift	asm	85.51271201577038	85.003	37848	16.671669	38088	38088	16.804689	38088	38088	16.784471	38088	38088	16.835246	38088	38088	16.810259	38088	38088
crumble	bulk	272.40508201066405	271.436	19220	54.850603	9496	12852	54.170219	9624	12852	54.060523	9624	12852	54.171811	9624	12852	53.985443	9624	12852
crumble	asm	248.24312992859632	247.26999999999998	68232	49.540417	68296	68296	49.2809	68296	68296	49.708492	68296	68296	49.056238	68296	68296	49.149873	68296	68296
crumble	flat	259.569114074111	258.61500000000007	19220	52.283538	9492	12732	51.52052	9620	12732	51.513497	9620	12732	51.482959	9620	12732	51.405786	9620	12732
decrypt	asm	84.7676929552108	84.25399999999999	38052	16.805501	38220	38220	16.690805	38220	38220	16.64011	38220	38220	16.643506	38220	38220	16.635452	38220	38220
decrypt	flat	163.83776790462434	163.183	19220	33.325589	6420	18468	32.466281	6548	18468	32.406118	6548	18468	32.301973	6548	18468	32.328883	6548	18468
decrypt	bulk	161.7234389996156	161.05199999999996	19220	32.35893	6408	18408	32.15108	6536	18484	32.066041	6536	18484	32.078254	6536	18484	32.05969	6536	18484
errorcorrect	flat	72.46282091364264	72.03899999999999	19220	14.561772	6124	9244	14.23974	6252	9264	14.269185	6252	9264	14.219361	6252	9264	14.265979	6252	9264
errorcorrect	bulk	73.88345804065466	73.48500000000001	19220	14.862335	6028	9268	14.561201	6156	9292	14.586599	6156	9292	14.56041	6156	9292	14.433301	6156	9292
errorcorrect	asm	112.04390996135771	111.48899999999999	40644	22.441913	40704	40704	22.108686	40704	40704	22.082217	40704	40704	22.071717	40704	40704	22.033606	40704	40704
expand	bulk	136.75744796637446	136.13400000000001	19220	27.785841	6468	10316	27.140452	6596	10316	26.987376	6596	10436	26.925801	6596	10436	26.941911	6596	10436
expand	asm	82.45704404544085	81.964	42092	16.201717	42224	42224	16.329637	42224	42224	16.264074	42224	42224	16.193712	42224	42224	16.167322	42224	42224
expand	flat	124.4868109934032	123.92399999999999	19220	25.089545	6544	10212	24.635035	6672	10212	24.556257	6672	10336	24.656354	6672	10336	24.601261	6672	10336
fireworks	asm	314.5626879995689	313.415	60052	62.458339	60240	60240	62.974047	60240	60240	62.791856	60240	60240	62.278201	60240	60240	62.597751	60240	60240
fireworks	flat	391.027964069508	389.73199999999997	19220	79.088092	11908	16008	77.832914	12036	16008	77.722106	12036	16008	77.508747	12036	16008	77.620065	12036	16008
fireworks	bulk	397.6759340148419	396.37	19220	80.001181	11808	15964	78.943451	11936	15964	79.1186	11936	15964	78.9267	11936	15964	79.157452	11936	15964
highlight	flat	24.38610198441893	24.046	19220	4.961345	6912	10796	4.623623	7040	10796	4.603114	7040	10796	4.604497	7040	10796	4.606581	7040	10796
highlight	bulk	24.207807960920036	23.958999999999996	19220	4.927912	6892	10944	4.641978	7020	10944	4.598576	7020	10944	4.605569	7020	10944	4.583057	7020	10944
highlight	asm	13.159726047888398	12.947999999999999	27480	2.425754	27788	27788	2.427758	27788	27788	2.385389	27788	27788	2.383284	27788	27788	2.370791	27788	27788
laseretch	bulk	270.6717971013859	269.796	19220	54.82256	7464	12996	53.719025	7592	13032	53.744082	7592	13032	53.676966	7592	13032	53.794586	7592	13032
laseretch	asm	298.42256603296846	297.392	38872	59.476852	39076	39076	59.622034	39076	39076	59.452986	39076	39076	59.369028	39076	39076	59.212666	39076	39076
laseretch	flat	266.06679207179695	265.12899999999996	19220	54.104927	7388	12992	52.918256	7516	13020	52.716088	7516	13020	52.607674	7516	13020	52.678126	7516	13020
middleout	asm	41.04827402625233	40.654999999999994	44368	7.967478	44496	44496	7.987034	44496	44496	7.953091	44496	44496	7.919057	44496	44496	7.966766	44496	44496
middleout	flat	148.1856219470501	147.558	19220	30.140187	8424	11584	29.239291	8552	11616	29.312327	8552	11616	29.236716	8552	11616	29.285738	8552	11616
middleout	bulk	145.75048093684018	145.141	19220	29.1961	8272	11528	28.885058	8400	11548	28.866032	8400	11548	28.868106	8400	11548	28.819936	8400	11548
orbittingvolley	flat	136.76742592360824	136.157	19220	27.472735	7104	12832	26.994369	7232	12832	27.146024	7232	12832	27.148367	7232	12832	27.097041	7232	12832
orbittingvolley	bulk	140.08183893747628	139.46	19220	28.141316	7060	12892	27.601346	7188	12892	27.857225	7188	12892	27.659344	7188	12892	27.899093	7188	12892
orbittingvolley	asm	85.59218002483249	85.039	32592	16.811242	32580	32580	17.022218	32580	32580	16.965912	32580	32580	16.808656	32580	32580	16.705152	32580	32580
overflow	bulk	81.89771405886859	81.431	19220	16.474933	6568	17740	16.111683	6696	17740	16.125619	6696	17740	16.102145	6696	17740	16.141519	6696	17740
overflow	asm	60.9518300043419	60.54599999999999	19220	11.68656	18524	18524	12.015348	18524	18524	11.871428	18524	18524	11.890593	18524	18524	11.892928	18524	18524
overflow	flat	83.00544391386211	82.568	19220	16.695345	6500	17504	16.378763	6628	17504	16.333488	6628	17504	16.34559	6628	17504	16.323249	6628	17504
pour	asm	84.14310903754085	83.68999999999998	39804	16.645279	39892	39892	16.675928	39892	39892	16.577663	39892	39892	16.552065	39892	39892	16.545693	39892	39892
pour	flat	112.96176305040717	112.437	19220	22.697437	6444	9848	22.310334	6572	9876	22.324029	6572	10004	22.306356	6572	10004	22.396254	6572	10004
pour	bulk	112.60155693162233	111.983	19220	22.444264	6356	9656	22.259067	6484	9684	22.186872	6484	9812	22.242606	6484	9812	22.237106	6484	9812
print	flat	58.19934292230755	57.78399999999999	19220	11.745682	6528	12660	11.380969	6656	12660	11.33286	6656	12660	11.423489	6656	12660	11.313092	6656	12660
print	bulk	61.15596310701221	60.76399999999999	19220	12.35923	6520	12512	11.960905	6648	12512	11.953811	6648	12512	11.982475	6648	12512	11.978548	6648	12512
print	asm	33.43054198194295	33.101	38116	6.595933	38140	38140	6.505192	38140	38140	6.409924	38140	38140	6.311249	38140	38140	6.291171	38140	38140
rain	bulk	104.08949700649828	103.552	19220	20.955207	6244	9484	20.540862	6372	9548	20.431337	6372	9676	20.543317	6372	9676	20.474387	6372	9676
rain	asm	96.66241297964007	96.13699999999999	46624	19.136337	46752	46752	19.21269	46752	46752	19.019107	46752	46752	19.02136	46752	46752	19.023114	46752	46752
rain	flat	103.20726002100855	102.71699999999998	19220	20.667269	6192	9464	20.318025	6320	9520	20.319908	6320	9648	20.30462	6320	9648	20.282669	6320	9648
randomsequence	asm	17.670814995653927	17.412	29292	3.151206	29424	29424	3.272674	29424	29424	3.293734	29424	29424	3.282081	29424	29424	3.261363	29424	29424
randomsequence	flat	23.571652942337096	23.296999999999997	19220	4.810713	6464	9740	4.499861	6592	9740	4.526602	6592	9800	4.411386	6592	9800	4.464375	6592	9800
randomsequence	bulk	23.672201088629663	23.423	19220	4.832173	6536	9988	4.58453	6664	9988	4.437454	6664	10048	4.53654	6664	10048	4.439028	6664	10048
rings	flat	465.60724708251655	464.16999999999996	19220	93.33196	7324	11144	92.863843	7452	11240	92.892457	7452	11240	93.204882	7452	11240	92.421756	7452	11240
rings	bulk	469.1834499826655	467.722	19220	93.90372	7300	10932	93.715448	7428	10948	93.428681	7428	10948	93.557331	7428	10948	93.585223	7428	10948
rings	asm	524.1258780006319	522.449	68500	105.377485	68512	68512	104.573495	68512	68512	104.454051	68512	68512	104.092963	68512	68512	104.114593	68512	68512
scattered	bulk	268.3529129717499	267.364	19220	53.932834	6316	9548	53.306944	6444	9592	53.23093	6444	9592	53.244116	6444	9592	53.418102	6444	9592
scattered	asm	122.98645405098796	122.33800000000001	43424	24.252582	43396	43396	24.537145	43396	43396	24.275264	43396	43396	24.335868	43396	43396	24.219449	43396	43396
scattered	flat	268.42546893749386	267.484	19220	53.958713	6176	9256	53.353229	6304	9300	53.504693	6304	9300	53.270434	6304	9300	53.347288	6304	9300
slice	asm	32.15304296463728	31.809000000000005	28124	6.12021	28108	28108	6.243622	28108	28108	6.250504	28108	28108	6.190101	28108	28108	6.141219	28108	28108
slice	flat	60.049084946513176	59.687	19220	12.040804	6572	9828	11.818618	6700	9832	11.774666	6700	9960	11.778253	6700	9960	11.740572	6700	9960
slice	bulk	61.77888298407197	61.439	19220	12.374309	6612	9996	12.158946	6740	10076	12.126766	6740	10132	12.135371	6740	10132	12.122878	6740	10132
slide	flat	126.85654906090349	126.31899999999999	19220	25.315258	6532	10004	25.16741	6660	10004	25.100134	6660	10052	25.278217	6660	10052	25.136132	6660	10052
slide	bulk	128.22482699993998	127.635	19220	25.617903	6564	10036	25.341827	6692	10036	25.35944	6692	10036	25.361674	6692	10036	25.358489	6692	10036
slide	asm	62.86449101753533	62.427	38316	12.231844	38448	38448	12.507631	38448	38448	12.358221	38448	38448	12.2879	38448	38448	12.271278	38448	38448
smoke	bulk	80.65591205377132	80.22500000000001	19220	16.319211	6848	10352	15.896059	6976	10352	15.84854	6976	10352	15.827882	6976	10352	15.864791	6976	10352
smoke	asm	48.370409989729524	47.961999999999996	68528	9.833051	68728	68728	9.567512	68728	68728	9.202738	68728	68728	9.253683	68728	68728	9.215431	68728	68728
smoke	flat	80.96781698986888	80.53699999999999	19220	16.461627	8552	12044	15.905147	8680	12044	15.997019	8680	12044	15.828994	8680	12044	15.758402	8680	12044
spotlights	asm	133.65769700612873	133.034	47192	26.237838	47112	47112	26.427985	47112	47112	26.52606	47112	47112	26.507525	47112	47112	26.396226	47112	47112
spotlights	flat	248.76492796465755	247.915	19412	49.758282	6216	9444	49.487635	6344	9492	49.458611	6344	9492	49.500529	6344	9492	49.472387	6344	9492
spotlights	bulk	248.77675995230675	247.918	19412	49.658285	6052	9208	49.596379	6180	9248	49.441158	6180	9248	49.495791	6180	9248	49.492584	6180	9248
spray	flat	243.73459396883845	242.841	19412	48.753281	6472	9620	48.134333	6600	9684	48.416872	6600	9684	48.365886	6600	9684	48.711914	6600	9684
spray	bulk	244.69766207039356	243.79099999999997	19412	48.856223	6324	9656	48.845373	6452	9716	48.483396	6452	9716	48.582161	6452	9716	48.548338	6452	9716
spray	asm	135.04729594569653	134.399	48828	27.086081	48992	48992	26.734541	48992	48992	26.806907	48992	48992	26.609707	48992	48992	26.456399	48992	48992
swarm	bulk	616.1733850603923	614.348	21316	124.025362	9572	21316	123.262905	9700	21316	122.512	9700	21316	122.581139	9700	21316	122.361919	9700	21316
swarm	asm	476.2240860145539	474.58399999999995	91544	95.715094	91544	91544	95.202412	91544	91544	94.557781	91544	91544	94.378514	91544	91544	94.501626	91544	91544
swarm	flat	599.0263919811696	597.185	21488	120.728051	9616	21488	119.298184	9744	21488	119.054188	9744	21488	119.158544	9744	21488	119.381781	9744	21488
sweep	asm	20.99775103852153	20.665999999999997	29712	3.917084	30008	30008	3.861069	30008	30008	3.823498	30008	30008	3.828087	30008	30008	4.111449	30008	30008
sweep	flat	49.93582901079208	49.531	19412	10.607812	6644	16404	9.992601	16708	16708	9.330061	16708	16708	9.42556	16708	16708	9.419809	16708	16708
sweep	bulk	50.66047899890691	50.308	19412	10.592474	6672	16540	10.149595	16736	16736	9.624743	16736	16736	9.602832	16736	16736	9.608673	16736	16736
synthgrid	flat	62.20035394653678	61.818	19412	12.558002	6364	14024	12.213577	6492	14040	12.167872	6492	14040	12.166459	6492	14040	12.163544	6492	14040
synthgrid	bulk	62.232995056547225	61.883	19412	12.500024	6456	14052	12.212596	6584	14072	12.226301	6584	14072	12.179093	6584	14072	12.250657	6584	14072
synthgrid	asm	25.269970996305346	25.022999999999996	32224	4.730992	32428	32428	4.869021	32428	32428	4.860655	32428	32428	4.817585	32428	32428	4.808798	32428	32428
unstable	bulk	296.07381392270327	295.111	19412	59.389527	6736	9836	58.929455	6864	10012	58.901042	6864	10012	58.945566	6864	10012	59.012642	6864	10012
unstable	asm	178.74518292956054	177.983	42544	35.361307	42752	42752	35.69897	42752	42752	35.489237	42752	42752	35.42677	42752	42752	35.50161	42752	42752
unstable	flat	294.93725998327136	293.937	19412	58.938332	6608	9636	58.740502	6736	9816	58.664911	6736	9816	58.642268	6736	9816	58.950084	6736	9816
vhstape	asm	121.45900505129248	120.81199999999998	59356	24.087391	59436	59436	24.043519	59436	59436	23.971413	59436	59436	23.936057	59436	59436	23.93745	59436	59436
vhstape	flat	166.9070979114622	166.22899999999998	19412	33.993548	6664	18264	33.515774	18596	18596	32.756945	18596	18596	32.737588	18596	18596	32.702623	18596	18596
vhstape	bulk	186.03289395105094	185.23299999999998	19412	33.421748	6664	18440	33.204302	18596	18596	34.025839	18596	18596	47.091221	18596	18596	36.416393	18596	18596
waves	flat	152.96923206187785	152.322	19412	30.619714	6332	9656	30.29185	6460	9724	30.255202	6460	9852	30.178859	6460	9852	30.238671	6460	9852
waves	bulk	143.91887094825506	143.30599999999998	19412	28.586659	6440	9868	28.574797	6568	9868	28.459582	6568	9876	28.537037	6568	9876	28.451197	6568	9876
waves	asm	80.9465879574418	80.459	42604	16.001781	42748	42748	15.973619	42748	42748	15.860456	42748	42748	15.864814	42748	42748	15.842713	42748	42748
wipe	bulk	31.47605201229453	31.171	19412	7.033182	6212	15584	6.245288	15780	15780	5.700449	15780	15780	5.655424	15780	15780	5.720797	15780	15780
wipe	asm	12.956004007719457	12.727	27504	2.243111	27568	27568	2.379367	27568	27568	2.373636	27568	27568	2.383735	27568	27568	2.355733	27568	27568
wipe	flat	30.792969977483153	30.49	19412	6.630639	6224	15416	6.205915	15792	15792	5.683617	15792	15792	5.648051	15792	15792	5.671474	15792	15792
