effect	reference_best_ms	candidate_best_ms	reference_frames	candidate_frames	reference_mean_ms	candidate_mean_ms	reference_cpu_ms	candidate_cpu_ms	reference_rss_kib	candidate_rss_kib	best_change_pct
beams	2.5	4.7	344	352	2.5	4.8	2.5	4.7	28344.0	4920.0	88.00000000000001
binarypath	14.5	15.4	839	813	14.6	15.4	14.5	15.3	60420.0	6224.0	6.20689655172415
blackhole	6.3	6.8	862	942	6.3	6.8	6.2	6.7	39744.0	7104.0	7.9365079365079305
bouncyballs	3.3	4.6	1566	1746	3.3	4.6	3.3	4.5	36908.0	4744.0	39.393939393939384
bubbles	5.1	6.3	1880	1877	5.1	6.4	5.0	6.3	41208.0	5228.0	23.529411764705888
burn	3.8	5.3	742	729	3.8	5.3	3.7	5.2	39212.0	7104.0	39.47368421052633
colorshift	3.6	6.0	528	528	3.6	6.0	3.5	6.0	28204.0	4548.0	66.66666666666666
crumble	4.9	4.9	622	663	4.9	4.9	4.8	4.8	41924.0	4672.0	0.0
decrypt	3.4	6.1	1465	1509	3.4	6.2	3.3	6.1	28412.0	6036.0	79.41176470588233
errorcorrect	2.7	2.1	969	968	2.7	2.1	2.6	2.0	36840.0	6652.0	-22.22222222222222
expand	2.4	2.8	115	115	2.4	2.8	2.3	2.8	33896.0	4740.0	16.666666666666675
fireworks	8.3	13.4	1306	1222	8.3	13.5	8.2	13.4	41652.0	5104.0	61.44578313253011
highlight	1.2	1.2	129	129	1.2	1.2	1.2	1.2	26236.0	4932.0	0.0
laseretch	7.7	7.8	2458	2459	7.7	7.9	7.6	7.8	37408.0	7680.0	1.298701298701288
middleout	1.7	2.2	124	124	1.7	2.2	1.7	2.2	34892.0	4936.0	29.41176470588236
orbittingvolley	3.2	4.0	1170	1166	3.2	4.1	3.1	4.0	26936.0	7360.0	25.0
overflow	1.7	2.1	127	78	1.7	2.1	1.6	2.1	10340.0	7852.0	23.529411764705888
pour	2.6	3.0	1236	1236	2.6	3.0	2.5	2.9	34816.0	4740.0	15.384615384615374
print	1.6	1.9	1591	1591	1.6	2.0	1.5	1.9	36552.0	5016.0	18.74999999999998
rain	2.6	2.5	798	790	2.6	2.5	2.5	2.5	37020.0	4548.0	-3.8461538461538547
randomsequence	1.4	1.2	208	208	1.4	1.2	1.3	1.2	26284.0	4740.0	-14.28571428571428
rings	29.2	17.7	1403	1408	29.3	17.7	29.1	17.6	41600.0	4900.0	-39.38356164383562
scattered	2.9	4.4	170	177	2.9	4.4	2.8	4.4	33780.0	4932.0	51.7241379310345
slice	1.4	1.6	160	160	1.4	1.6	1.3	1.5	24628.0	6880.0	14.285714285714302
slide	2.0	2.6	182	176	2.0	2.6	2.0	2.6	34860.0	4740.0	30.000000000000004
smoke	2.1	2.8	301	258	2.1	2.9	2.0	2.8	32504.0	6516.0	33.33333333333333
spotlights	4.9	7.9	656	620	4.9	8.0	4.8	7.9	34876.0	4728.0	61.224489795918366
spray	3.6	5.1	545	621	3.6	5.1	3.5	5.1	37020.0	4908.0	41.66666666666665
swarm	10.3	14.7	2369	2381	10.3	14.7	10.2	14.6	46088.0	7988.0	42.71844660194173
sweep	1.4	2.1	220	220	1.4	2.1	1.3	2.1	26188.0	5664.0	50.00000000000002
synthgrid	1.6	2.6	539	537	1.6	2.7	1.6	2.6	28428.0	5268.0	62.5
unstable	4.1	6.2	288	334	4.1	6.2	4.0	6.2	32852.0	6580.0	51.21951219512197
vhstape	8.5	12.4	736	698	8.6	12.5	8.5	12.4	41492.0	6064.0	45.882352941176485
waves	3.3	5.9	537	537	3.4	6.0	3.3	5.9	32692.0	4740.0	78.78787878787881
wipe	1.2	1.5	138	138	1.2	1.5	1.2	1.5	26188.0	5460.0	25.0
