effect	before_ms	after_ms	before_frames	after_frames	before_mean_ms	after_mean_ms	before_cpu_ms	after_cpu_ms	before_rss_kib	after_rss_kib
beams	14.8	14.7	890.0	890.0	14.8	14.7	14.7	14.6	12196.0	12196.0
binarypath	165.5	166.4	1932.0	1932.0	165.6	166.6	165.1	166.1	19908.0	19868.0
blackhole	65.9	65.2	1743.0	1743.0	65.9	65.2	65.7	65.0	11536.0	11452.0
bouncyballs	38.1	37.3	10393.0	10393.0	38.1	37.3	38.0	37.1	10236.0	10220.0
bubbles	51.3	50.3	11658.0	11658.0	51.3	50.3	51.1	50.1	11516.0	11472.0
burn	22.7	22.6	3237.0	3237.0	22.7	22.6	22.6	22.5	14752.0	14736.0
colorshift	22.0	21.9	528.0	528.0	22.0	22.0	21.9	21.8	9084.0	9080.0
crumble	47.3	46.9	2159.0	2159.0	47.4	47.0	47.2	46.8	13008.0	12936.0
decrypt	30.0	29.8	5480.0	5480.0	30.0	29.8	29.9	29.6	18672.0	18636.0
errorcorrect	13.5	13.0	5221.0	5221.0	13.5	13.0	13.4	12.9	9788.0	9768.0
expand	25.0	24.8	302.0	302.0	25.0	24.8	24.8	24.7	10812.0	10812.0
fireworks	73.9	73.4	1516.0	1516.0	73.9	73.4	73.7	73.2	16212.0	16228.0
highlight	3.7	3.7	129.0	129.0	3.7	3.7	3.7	3.6	11196.0	11228.0
laseretch	47.6	46.8	14307.0	14307.0	47.6	46.8	47.4	46.6	13684.0	15592.0
middleout	26.1	26.1	235.0	235.0	26.2	26.1	26.1	25.9	11772.0	11768.0
orbittingvolley	24.1	23.8	1156.0	1156.0	24.1	23.8	24.0	23.7	13116.0	13148.0
overflow	11.7	11.7	164.0	164.0	11.8	11.7	11.7	11.6	17964.0	17972.0
pour	20.0	19.5	7160.0	7160.0	20.0	19.5	19.9	19.4	9912.0	9912.0
print	8.2	7.7	10057.0	10057.0	8.2	7.8	8.1	7.7	12668.0	12648.0
rain	19.1	18.7	4736.0	4736.0	19.1	18.7	19.0	18.6	9888.0	9884.0
randomsequence	4.6	4.6	208.0	208.0	4.6	4.6	4.5	4.5	10076.0	10044.0
rings	90.1	89.0	1566.0	1566.0	90.2	89.0	89.9	88.7	11568.0	11600.0
scattered	49.0	48.8	420.0	420.0	49.1	48.8	48.9	48.6	9852.0	9876.0
slice	10.7	10.6	368.0	368.0	10.7	10.6	10.6	10.5	10456.0	10428.0
slide	21.5	21.4	375.0	375.0	21.6	21.9	21.4	21.7	10236.0	10236.0
smoke	14.6	14.1	630.0	630.0	14.6	14.1	14.5	14.0	12192.0	12172.0
spotlights	37.8	37.6	780.0	780.0	37.9	37.8	37.8	37.6	9652.0	9652.0
spray	24.9	25.0	1253.0	1253.0	24.9	25.0	24.8	24.9	9888.0	9908.0
swarm	109.1	107.0	4312.0	4312.0	110.0	107.5	109.6	107.2	23404.0	23388.0
sweep	6.2	6.1	220.0	220.0	6.2	6.1	6.1	6.1	16968.0	16968.0
synthgrid	11.2	11.0	617.0	617.0	11.2	11.0	11.1	10.9	14112.0	14116.0
unstable	43.0	42.8	592.0	592.0	43.1	42.8	42.9	42.6	10292.0	10280.0
vhstape	31.1	31.2	726.0	726.0	31.2	31.3	31.0	31.2	18808.0	18816.0
waves	24.1	24.0	633.0	633.0	24.1	24.0	24.0	23.9	10232.0	10224.0
wipe	5.2	5.2	138.0	138.0	5.2	5.2	5.2	5.2	16040.0	15988.0
