effect	before_best_wall_ms	flags_best_wall_ms	before_frames	flags_frames	before_mean_wall_ms	flags_mean_wall_ms	before_mean_cpu_ms	flags_mean_cpu_ms	before_peak_rss_kib	flags_peak_rss_kib
beams	33.0	33.5	890	890	33.1	33.6	32.9	33.5	12060	11796
binarypath	254.5	248.6	1932	1932	259.4	250.2	258.6	249.5	20876	20504
blackhole	77.0	76.1	1743	1743	77.1	76.3	76.8	76.0	12812	12768
bouncyballs	48.2	48.4	10393	10393	48.6	48.6	48.5	48.4	10044	9880
bubbles	74.4	74.4	11658	11658	74.9	74.7	74.7	74.4	12164	12136
burn	46.3	46.0	3237	3237	46.7	46.1	46.5	45.9	15796	15496
colorshift	34.9	34.9	528	528	35.4	35.5	35.2	35.3	9124	9116
crumble	57.3	56.8	2159	2159	58.4	57.1	58.2	56.8	13084	13084
decrypt	37.0	37.0	5480	5480	37.1	37.2	36.9	37.0	18416	18516
errorcorrect	17.6	17.5	5221	5221	17.7	17.5	17.6	17.4	10596	12376
expand	35.8	35.7	302	302	36.0	35.9	35.8	35.7	10852	10648
fireworks	118.4	120.4	1516	1516	118.5	120.7	118.1	120.3	15848	15680
highlight	6.0	6.0	129	129	6.0	6.0	5.9	5.9	11108	10848
laseretch	59.7	59.6	14307	14307	60.0	60.0	59.8	59.8	16488	16152
middleout	31.1	31.3	235	235	31.2	31.6	31.1	31.5	11876	11608
orbittingvolley	32.8	32.2	1156	1156	32.8	32.3	32.7	32.2	13828	15660
overflow	19.7	19.5	164	164	19.9	19.9	19.8	19.8	18036	19916
pour	25.4	25.0	7160	7160	25.4	25.1	25.3	24.9	9952	9876
print	13.9	14.1	10057	10057	14.0	14.2	13.9	14.1	12900	12704
rain	23.7	23.7	4736	4736	23.8	23.7	23.6	23.6	9692	9680
randomsequence	6.0	5.9	208	208	6.0	5.9	5.9	5.9	10084	10072
rings	107.7	106.8	1566	1566	107.8	107.4	107.5	107.1	11380	11416
scattered	60.9	60.8	420	420	61.0	60.9	60.8	60.7	10532	10460
slice	13.5	13.5	368	368	13.5	13.6	13.5	13.5	10168	10036
slide	30.7	30.2	375	375	31.4	30.4	31.2	30.2	10080	10076
smoke	18.2	18.3	630	630	18.3	18.3	18.2	18.2	12440	12380
spotlights	52.5	52.5	780	780	52.6	52.6	52.4	52.5	9504	9512
spray	54.8	55.1	1253	1253	55.0	55.1	54.8	54.9	10444	10436
swarm	152.7	152.2	4312	4312	153.1	152.9	152.6	152.5	20612	19084
sweep	12.2	12.1	220	220	12.2	12.2	12.1	12.1	16844	16732
synthgrid	14.8	14.6	617	617	14.9	14.8	14.8	14.7	14372	14300
unstable	68.6	68.5	592	592	68.9	68.7	68.7	68.5	10124	10116
vhstape	39.5	39.6	726	726	39.9	39.9	39.7	39.7	18640	18620
waves	36.9	37.1	633	633	38.3	37.7	38.1	37.5	10056	9884
wipe	8.0	7.9	138	138	8.0	7.9	7.9	7.8	15772	15732
