effect	before_best_wall_ms	queue_best_wall_ms	before_frames	queue_frames	before_mean_wall_ms	queue_mean_wall_ms	before_mean_cpu_ms	queue_mean_cpu_ms	before_peak_rss_kib	queue_peak_rss_kib
beams	32.1	33.2	890	890	32.2	33.4	32.0	33.2	11780	12064
binarypath	250.9	254.6	1932	1932	252.8	255.0	252.2	254.3	19092	20928
blackhole	79.4	76.3	1743	1743	79.6	77.4	79.3	77.1	13128	12840
bouncyballs	48.2	48.3	10393	10393	48.5	48.3	48.3	48.1	9664	10020
bubbles	76.9	74.7	11658	11658	77.8	75.2	77.6	75.0	11968	12136
burn	43.6	46.2	3237	3237	43.7	46.5	43.6	46.3	15164	15828
colorshift	27.7	34.9	528	528	29.1	36.5	29.0	36.4	8924	9124
crumble	62.9	57.4	2159	2159	63.4	57.8	63.1	57.6	12768	13056
decrypt	34.1	37.0	5480	5480	34.4	37.1	34.3	37.0	18304	18524
errorcorrect	17.8	17.6	5221	5221	17.8	17.7	17.7	17.6	10616	10596
expand	37.1	35.8	302	302	37.2	35.9	37.0	35.8	10660	10904
fireworks	114.3	118.9	1516	1516	115.0	119.3	114.6	118.9	15652	15792
highlight	6.0	6.0	129	129	6.0	6.0	5.9	5.9	10856	11100
laseretch	58.2	59.7	14307	14307	58.4	60.0	58.2	59.8	14084	16456
middleout	30.2	31.2	235	235	30.5	31.4	30.3	31.2	11608	11864
orbittingvolley	33.9	32.7	1156	1156	34.2	32.7	34.0	32.6	13352	13880
overflow	29.6	19.7	164	164	30.6	19.9	30.4	19.8	16584	18084
pour	24.7	25.5	7160	7160	24.9	25.6	24.7	25.4	9704	9888
print	14.6	13.9	10057	10057	14.7	14.0	14.6	13.9	12164	12900
rain	24.1	23.7	4736	4736	24.1	23.8	24.0	23.6	9504	9688
randomsequence	5.8	6.0	208	208	5.8	6.0	5.7	5.9	9860	10084
rings	111.3	107.5	1566	1566	113.7	108.0	113.3	107.6	11200	11464
scattered	64.3	61.0	420	420	65.2	61.7	65.0	61.5	10272	10456
slice	14.1	13.5	368	368	14.1	13.6	14.0	13.5	9852	10244
slide	31.6	30.5	375	375	31.9	30.7	31.7	30.5	9900	10072
smoke	17.4	18.2	630	630	17.6	18.3	17.5	18.2	12276	12520
spotlights	51.0	52.6	780	780	51.1	52.6	50.9	52.4	9320	9504
spray	60.9	54.8	1253	1253	61.4	55.0	61.1	54.8	10288	10508
swarm	154.0	153.0	4312	4312	154.8	155.6	154.3	155.2	20724	19068
sweep	12.0	12.2	220	220	12.0	12.2	12.0	12.1	16520	16812
synthgrid	14.1	14.8	617	617	14.1	14.9	14.0	14.8	13736	14368
unstable	75.3	68.5	592	592	76.1	68.7	75.8	68.5	9888	10084
vhstape	40.0	39.5	726	726	40.4	39.5	40.2	39.3	18392	18704
waves	33.3	37.1	633	633	34.2	37.1	34.0	36.9	9668	10076
wipe	7.7	8.0	138	138	7.7	8.1	7.6	8.0	15524	15832
