effect	reference_best_ms	candidate_best_ms	reference_frames	candidate_frames	reference_mean_ms	candidate_mean_ms	reference_cpu_ms	candidate_cpu_ms	reference_rss_kib	candidate_rss_kib
beams	11.6	13.4	732.0	890.0	11.7	13.5	11.6	13.4	38224.0	11804.0
binarypath	183.2	157.2	1891.0	1932.0	183.7	157.8	183.1	157.3	229012.0	19868.0
blackhole	54.9	50.2	1800.0	1743.0	55.0	50.2	54.8	50.0	63196.0	9688.0
bouncyballs	29.5	33.0	9093.0	10393.0	29.6	33.0	29.4	32.9	44072.0	9820.0
bubbles	46.6	47.8	11742.0	11658.0	46.7	47.8	46.5	47.7	59936.0	11192.0
burn	25.9	21.5	3175.0	3237.0	25.9	21.6	25.8	21.4	49096.0	14180.0
colorshift	17.2	16.2	528.0	528.0	17.2	16.3	17.1	16.2	40000.0	8732.0
crumble	49.0	37.6	1835.0	2159.0	49.5	37.6	49.3	37.4	68228.0	9732.0
decrypt	16.9	23.6	5438.0	5480.0	16.9	23.6	16.8	23.5	40012.0	18336.0
errorcorrect	22.4	12.2	5237.0	5221.0	22.5	12.3	22.3	12.2	44576.0	9244.0
expand	16.6	17.9	302.0	302.0	16.6	17.9	16.5	17.8	46132.0	9884.0
fireworks	62.6	51.8	1553.0	1516.0	62.7	51.8	62.4	51.6	62432.0	10656.0
highlight	2.8	3.3	129.0	129.0	2.8	3.3	2.7	3.2	29576.0	10844.0
laseretch	59.4	43.9	14306.0	14307.0	59.6	44.1	59.4	43.9	40580.0	12924.0
middleout	8.4	7.7	235.0	235.0	8.5	7.7	8.4	7.6	48592.0	9304.0
orbittingvolley	17.5	18.3	1156.0	1156.0	17.5	18.4	17.4	18.3	36228.0	12380.0
overflow	12.2	10.8	306.0	164.0	12.3	10.8	12.2	10.7	18480.0	17484.0
pour	16.8	16.7	7160.0	7160.0	16.8	16.7	16.7	16.6	44120.0	9692.0
print	6.7	6.8	10057.0	10057.0	6.7	6.8	6.6	6.8	39824.0	12380.0
rain	19.2	16.4	4737.0	4736.0	19.2	16.4	19.1	16.3	48772.0	9496.0
randomsequence	3.7	3.8	208.0	208.0	3.7	3.8	3.6	3.7	29424.0	9884.0
rings	104.2	74.9	1566.0	1566.0	104.4	75.0	104.1	74.8	66500.0	10632.0
scattered	24.8	30.0	418.0	420.0	24.9	30.0	24.7	29.8	46020.0	9500.0
slice	6.6	5.3	368.0	368.0	6.6	5.3	6.5	5.2	32028.0	10044.0
slide	12.7	18.1	375.0	375.0	12.7	18.1	12.6	18.0	44208.0	9884.0
smoke	9.6	13.7	565.0	630.0	9.6	13.7	9.5	13.6	68736.0	11936.0
spotlights	26.6	30.6	800.0	780.0	26.7	31.1	26.5	30.9	49696.0	9500.0
spray	27.0	24.0	661.0	1253.0	27.1	24.1	26.9	23.9	51076.0	9300.0
swarm	95.3	103.1	5041.0	4312.0	95.4	103.3	95.1	102.9	92188.0	22084.0
sweep	4.1	4.8	220.0	220.0	4.2	4.8	4.1	4.7	31552.0	16540.0
synthgrid	5.1	8.3	619.0	617.0	5.1	8.3	5.1	8.2	34032.0	13712.0
unstable	35.2	33.6	530.0	592.0	35.2	33.7	35.1	33.5	44756.0	9684.0
vhstape	24.3	26.9	736.0	726.0	24.3	27.0	24.2	26.9	61172.0	18212.0
waves	15.7	21.2	633.0	633.0	15.8	21.2	15.6	21.1	46300.0	9884.0
wipe	2.8	4.6	138.0	138.0	2.8	4.6	2.7	4.5	29472.0	15660.0
