effect	program	frames	instructions	cycles	branches	branch_misses	l1d_loads	l1d_misses	dtlb_misses	l2_misses	fills_from_l2	fills_from_l3	fills_from_dram
beams	otfx	878	261418340	69862869	37881517	417822	86367606	7593353	18292	331752	7154100	349533	852
beams	ttfx	732	144139685	48217727	21205166	404204	80621324	7688926	1539	733415	6926418	749959	100
binarypath	otfx	1909	1928140167	787913856	323075506	7342572	1042877668	74556565	59902	32422993	38853838	36076294	8569
binarypath	ttfx	1891	1186145417	456391084	173488357	5577469	718604958	41945286	3444	9491571	32252607	9619603	10840
blackhole	otfx	1793	732620464	267158907	94338725	3127766	344236559	19914655	7100	1985296	17822771	2022823	4307
blackhole	ttfx	1800	647965479	255859973	91287808	2197571	360690624	31514643	1263	4617539	26583497	4886475	22968
bouncyballs	otfx	10378	403776715	179796291	59967337	2638083	229626677	7439788	7146	74570	7243229	67293	3977
bouncyballs	ttfx	9093	318778197	121229159	40720904	1353911	185372858	18309088	1485	238693	18106879	226380	527
bubbles	otfx	12184	731358378	266114583	107525383	3079323	345971860	16910492	10246	58665	17095811	57366	1424
bubbles	ttfx	11742	566598273	190953947	80365352	1936680	313751093	27739527	1953	842287	27175563	862288	2392
burn	otfx	3218	283091208	108342183	39999617	1349517	122513197	8640646	11583	171068	8551884	167617	2693
burn	ttfx	3175	244152859	85896728	38863851	873866	133684992	12461545	1820	487483	12687316	499796	91
colorshift	otfx	528	439843717	92907216	69541648	22338	155216443	8709880	7713	228834	8341801	292010	240
colorshift	ttfx	528	360822351	76827485	57024709	160372	183851643	10735056	1820	870995	9719754	947716	100
crumble	otfx	2200	509730552	204127618	73407350	2196990	243115612	22258812	9239	1808750	20330807	1837247	863
crumble	ttfx	1835	535078264	218727696	72696926	1811184	311883060	30928608	1923	4057808	26766603	4130582	1466
decrypt	otfx	5442	267672613	89828281	39785746	1132760	119273418	8163820	16153	881134	6972142	1107014	1077
decrypt	ttfx	5438	215655070	67043848	35489620	495233	111706909	8035396	1682	1837697	6174240	1873597	439
errorcorrect	otfx	5259	141881781	59292239	21455780	927769	54304494	3491728	6351	123056	3335739	119084	720
errorcorrect	ttfx	5237	211678245	80840250	35115563	949348	120260137	13782687	1229	409715	13437407	406784	1283
expand	otfx	302	212554979	87553289	34885001	1171197	120154369	4651049	10164	415806	4158844	418347	1648
expand	ttfx	302	223468989	79372101	34078877	691238	116716531	7903433	1953	1037978	6825923	1080136	252
fireworks	otfx	1367	652768799	259891396	98359724	3027568	386449746	14719752	11068	806371	13821059	793583	1209
fireworks	ttfx	1553	691243786	357109215	107966434	2541132	386566065	28481235	1728	4197638	23619763	4246704	625
highlight	otfx	129	57373347	16705784	8906246	40676	18862541	1153629	8492	96980	927376	100610	1470
highlight	ttfx	129	33812579	12813940	5416824	55505	16737605	1447284	847	187744	1278542	207339	177
laseretch	otfx	14307	581958279	236008986	83343047	2619411	263381040	10507609	13971	145014	13438941	152079	298
laseretch	ttfx	14306	638350917	210485708	108774264	1954912	325257058	28500638	2106	412444	29673344	410152	2153
middleout	otfx	235	170953284	34758583	29202835	127551	62109180	2406432	7027	75388	2369916	78407	876
middleout	ttfx	235	149979185	36075790	23961206	81655	68735525	4456076	2006	321186	4407097	331010	196
orbittingvolley	otfx	1156	234307213	100399540	34695408	1165230	119162035	8406656	13861	403685	9039716	416293	300
orbittingvolley	ttfx	1156	178752690	75864872	24932243	944608	106990444	10432346	1696	961449	9704680	967570	3253
overflow	otfx	231	286559597	55758748	48790321	51743	111044731	5128642	13539	253244	4856524	295162	1677
overflow	ttfx	306	290058677	54759164	48636846	55404	149581173	4933857	1980	258994	4851385	311477	120
pour	otfx	7160	263528421	84264185	39358613	967506	122359625	3712949	6759	70595	4903800	70255	226
pour	ttfx	7160	208289265	72613162	31032614	637277	112567765	9102831	1826	149195	9765606	150012	135
print	otfx	10057	132639749	28370892	23090978	75783	44149691	1587574	8128	111342	1492267	120586	388
print	ttfx	10057	101920904	22490067	19462982	84417	48006468	1237781	968	119151	1240156	119640	535
rain	otfx	4760	222475155	95626575	32487313	1189645	109254588	4213680	7198	100778	4666858	101032	292
rain	ttfx	4737	210040143	87171211	26683552	824993	117649427	11456630	2801	323276	11611323	327442	140
randomsequence	otfx	208	66876707	19207557	9794845	80899	23529529	1982925	6870	295874	1718990	294374	106
randomsequence	ttfx	208	36798659	14482387	5624774	172478	20468713	2200783	1012	376479	1842396	373752	33
rings	otfx	1563	918338041	417754514	155587265	5780019	568706275	33226195	11322	3360293	29843323	3411387	781
rings	ttfx	1566	1011943286	482074369	137230554	5108862	668221543	45442578	1075	11738007	35692130	12137449	6970
scattered	otfx	418	309226851	151127348	46441822	2239223	211890311	10989272	7676	1017849	10450200	1072146	1858
scattered	ttfx	418	291505333	121082014	41495128	1232563	177654054	13788339	1833	2183844	12615954	2250438	506
slice	otfx	368	110278288	21998917	16200195	26361	44827797	3000641	6784	116091	2853384	125570	288
slice	ttfx	368	91654513	26360341	10853329	38110	43017456	5094506	883	332028	4847474	341423	56
slide	otfx	375	282298250	83193199	44866785	564317	149897064	5944225	7541	669240	6103438	765278	886
slide	ttfx	375	197360489	56790899	31660249	242609	101390839	7682562	1168	1712021	6407732	1790118	1267
smoke	otfx	549	162546352	45207869	23612117	274540	52958384	5265952	6897	211976	5108210	213000	404
smoke	ttfx	565	101584497	36237280	15194863	324748	55825024	5208408	1672	362705	5012934	365756	455
spotlights	otfx	779	409771836	101858271	66707223	343426	175583450	6468199	6575	120312	6518884	129242	316
spotlights	ttfx	800	397715969	142543277	52493090	681759	194157773	8832374	1147	1555925	7903281	1623597	1355
spray	otfx	1275	308005695	131276137	43485214	1488317	142009116	14260741	7951	1275649	13341032	1271748	779
spray	ttfx	661	255384785	126875998	36304314	1410200	173248289	16344516	1511	4032725	12667652	4118165	340
swarm	otfx	4051	1217804063	500998600	168987228	6242443	664471437	38754506	41033	3771775	38027750	3979218	5920
swarm	ttfx	5041	1013862200	443507324	152192380	5552312	609494252	46345714	6623	3358493	45817572	3687769	13373
sweep	otfx	220	65808696	17051351	8982691	57352	24681147	2007206	8160	173640	2124818	194449	2325
sweep	ttfx	220	46181992	14358203	7644823	69164	22794452	2154220	2034	238218	2050362	266502	230
synthgrid	otfx	617	112695334	32418361	14415600	172333	47132670	3032622	11667	132255	2839185	148388	240
synthgrid	ttfx	619	72222909	20258927	11273625	92700	33912874	2275850	1830	151988	2250972	161265	55
unstable	otfx	594	469295561	176459254	71420792	1988092	262650918	14475606	10411	1628831	13367505	1653548	162
unstable	ttfx	530	478908878	169266479	72578026	1786942	312839404	19788346	2088	2213908	18015699	2384475	252
vhstape	otfx	748	568267847	147384858	103216190	891319	255187760	9141440	9125	247970	8749446	282526	3914
vhstape	ttfx	736	413790166	103756026	67295691	524100	208876844	10515716	2173	753959	9635738	772477	456
waves	otfx	633	492302880	114209592	76317114	199239	170094494	12150908	7354	337254	11633159	423116	1111
waves	ttfx	633	353105186	72120105	53918008	140113	166560297	8683215	834	840226	7689459	1056811	143
wipe	otfx	138	43071188	10981373	6967247	47935	16489605	1285180	6555	135698	1101336	159732	698
wipe	ttfx	138	35008823	10614844	5619292	54405	17558034	1610270	1735	308885	1259255	351611	47
