effect	before_best_wall_ms	after_best_wall_ms	before_frames	after_frames	before_mean_wall_ms	after_mean_wall_ms	before_mean_cpu_ms	after_mean_cpu_ms	before_peak_rss_kib	after_peak_rss_kib
beams	30.8	30.9	890	890	30.8	31.0	30.7	30.9	9832	9864
binarypath	272.6	274.1	1932	1932	275.5	277.7	274.8	277.0	14152	14124
blackhole	79.5	81.6	1743	1743	79.6	81.7	79.3	81.5	11012	11024
bouncyballs	47.8	47.9	10393	10393	47.8	48.0	47.6	47.8	7776	7900
bubbles	78.8	79.6	11658	11658	78.9	79.7	78.6	79.4	9856	9908
burn	40.2	42.3	3237	3237	40.5	42.5	40.4	42.3	12308	12132
colorshift	39.6	37.9	528	528	39.7	39.2	39.5	39.0	6912	8268
crumble	64.3	62.8	2159	2159	64.4	62.8	64.2	62.6	10776	12684
decrypt	36.9	42.9	5480	5480	37.0	43.0	36.8	42.8	12992	23300
errorcorrect	18.4	18.3	5221	5221	18.4	18.3	18.3	18.2	10336	8524
expand	36.1	38.0	302	302	36.1	38.2	36.0	38.0	8512	8520
fireworks	118.2	118.4	1516	1516	118.5	118.7	118.1	118.3	13576	13632
highlight	5.4	5.4	129	129	5.4	5.4	5.3	5.3	8748	8752
laseretch	57.1	57.7	14307	14307	57.2	57.8	57.0	57.6	11200	13096
middleout	30.0	32.4	235	235	30.1	32.5	29.9	32.3	9792	9772
orbittingvolley	35.1	35.2	1156	1156	35.2	35.2	35.0	35.1	12276	12264
overflow	29.0	29.1	164	164	29.2	29.8	29.1	29.6	12376	14016
pour	25.6	25.8	7160	7160	25.7	25.8	25.6	25.7	7828	7840
print	15.1	15.1	10057	10057	15.2	15.2	15.1	15.1	9284	9480
rain	23.8	23.9	4736	4736	23.9	24.0	23.7	23.9	7688	7740
randomsequence	5.2	5.2	208	208	5.2	5.2	5.1	5.2	7876	7928
rings	117.3	118.6	1566	1566	117.5	119.3	117.1	119.0	9276	9128
scattered	64.4	64.9	420	420	64.5	64.9	64.3	64.7	8364	8456
slice	14.4	14.4	368	368	14.4	14.4	14.3	14.3	9856	9712
slide	32.3	32.7	375	375	32.4	32.8	32.2	32.7	7976	7980
smoke	16.8	16.1	630	630	16.8	16.2	16.7	16.1	10292	10296
spotlights	49.1	49.2	780	780	49.1	49.3	49.0	49.2	7212	7180
spray	59.9	60.6	1253	1253	60.1	60.7	59.9	60.4	8192	8196
swarm	154.5	154.0	4312	4312	154.5	154.9	154.1	154.4	18520	17052
sweep	11.4	11.3	220	220	11.4	11.3	11.3	11.2	10756	10816
synthgrid	13.7	13.7	617	617	13.8	13.8	13.7	13.7	10952	10912
unstable	77.1	77.5	592	592	77.1	78.2	76.9	78.0	9836	7792
vhstape	36.1	36.4	726	726	36.2	36.5	36.0	36.3	16536	16544
waves	40.8	35.2	633	633	41.3	35.7	41.1	35.6	7780	7796
wipe	6.9	6.9	138	138	6.9	6.9	6.9	6.8	9608	9660
