effect	before_best_wall_ms	requested_best_wall_ms	before_frames	requested_frames	before_mean_wall_ms	requested_mean_wall_ms	before_mean_cpu_ms	requested_mean_cpu_ms	before_peak_rss_kib	requested_peak_rss_kib
beams	34.4	33.0	890	890	34.5	33.4	34.3	33.3	12372	12064
binarypath	248.8	245.3	1932	1932	251.6	245.8	250.9	245.1	24500	20776
blackhole	80.7	74.6	1743	1743	80.8	74.8	80.6	74.6	13636	12796
bouncyballs	48.2	48.3	10393	10393	48.4	48.4	48.2	48.2	10424	10072
bubbles	78.9	75.1	11658	11658	79.5	75.5	79.3	75.2	12572	12136
burn	46.8	46.2	3237	3237	47.1	46.2	46.9	46.1	15228	15800
colorshift	34.9	35.0	528	528	35.4	36.1	35.3	36.0	9496	9116
crumble	59.5	57.0	2159	2159	59.7	57.4	59.5	57.1	13488	13028
decrypt	37.8	36.8	5480	5480	38.0	37.6	37.8	37.4	18896	18592
errorcorrect	17.9	17.6	5221	5221	18.0	17.6	17.9	17.5	11196	10596
expand	37.4	35.8	302	302	37.5	35.8	37.3	35.7	11388	10912
fireworks	125.3	116.7	1516	1516	125.4	116.8	125.0	116.4	16268	15948
highlight	6.3	6.0	129	129	6.3	6.1	6.2	6.0	11424	11104
laseretch	60.4	60.0	14307	14307	60.8	60.5	60.5	60.3	15800	14588
middleout	29.7	28.3	235	235	29.8	28.4	29.6	28.2	12388	11876
orbittingvolley	33.2	32.1	1156	1156	33.4	32.2	33.3	32.1	15268	13908
overflow	21.5	19.5	164	164	21.6	19.7	21.5	19.6	21412	18072
pour	25.2	25.2	7160	7160	25.3	25.3	25.1	25.1	10548	9956
print	14.3	14.0	10057	10057	14.5	14.0	14.4	13.9	14260	12900
rain	24.0	23.7	4736	4736	24.0	23.7	23.9	23.6	10348	9684
randomsequence	6.3	6.0	208	208	6.3	6.0	6.3	6.0	10492	10076
rings	111.6	107.5	1566	1566	111.8	107.6	111.5	107.3	11776	11396
scattered	62.4	61.0	420	420	62.6	61.1	62.3	60.8	11000	10468
slice	13.5	13.3	368	368	13.6	13.4	13.5	13.3	10632	10220
slide	30.4	30.1	375	375	30.6	30.7	30.5	30.5	10640	10084
smoke	18.7	18.0	630	630	18.8	18.2	18.7	18.0	12760	12588
spotlights	53.5	52.6	780	780	53.6	52.9	53.4	52.7	9892	9500
spray	56.6	57.1	1253	1253	57.2	58.6	56.9	58.4	10944	10452
swarm	157.1	152.7	4312	4312	158.6	152.7	158.1	152.2	21516	21116
sweep	12.8	12.3	220	220	12.8	12.3	12.7	12.2	17264	16848
synthgrid	15.6	14.5	617	617	15.6	14.6	15.5	14.5	17844	14368
unstable	73.2	68.4	592	592	73.3	69.5	73.0	69.2	10552	10108
vhstape	42.2	39.4	726	726	42.7	40.0	42.5	39.8	19084	18668
waves	37.6	35.3	633	633	38.3	35.6	38.1	35.5	10552	10072
wipe	8.4	8.1	138	138	8.4	8.1	8.3	8.0	16260	15800
