effect	original_best_ms	retained_best_ms	original_cpu_ms	retained_cpu_ms	original_rss_kib	retained_rss_kib	original_frames	retained_frames	asm_best_ms	retained_asm_pass_best_ms	asm_cpu_ms	retained_asm_pass_cpu_ms	asm_rss_kib	retained_asm_pass_rss_kib	asm_frames
beams	52.6	47.5	52.6	47.3	13544	14444	890	890	21.7	47.4	21.7	47.3	89792	14368	732
binarypath	256.2	238.6	256	238.2	32964	36216	1932	1932	364.1	239.1	364.2	241.9	247332	36168	1891
blackhole	136.1	139.5	135.8	139.1	13840	14748	1743	1743	125.9	140	125.5	139.8	92112	14780	1800
bouncyballs	176.1	107.5	176.2	107.2	11784	12836	10393	10393	51.4	107.6	51.3	107.4	79456	12724	9093
bubbles	219.4	138	219.6	137.8	12924	13964	11658	11658	83.9	138.3	83.7	138	92112	13996	11742
burn	113.3	72.4	113.1	72.5	14120	14996	3237	3237	37.4	72.5	37.3	72.4	96016	15028	3175
colorshift	67.2	63.2	70.9	63.1	10848	11680	528	528	18.5	63.3	18.4	63.2	85692	11692	528
crumble	93.3	88.3	93.2	88.1	12124	12968	2159	2159	74	88.4	74	88.4	98160	12976	1835
decrypt	122.4	99.2	122.6	99	13520	14472	5480	5480	27.6	99.5	27.8	99.3	81384	14496	5438
errorcorrect	116.3	24.4	116.7	24.3	13348	14224	5221	5221	24.9	24.4	24.8	24.3	85776	14240	5237
expand	43	47.5	42.8	47.3	11052	11760	302	302	46.8	47.5	46.7	47.4	83652	11736	302
fireworks	144.5	149.5	144.2	149.1	11632	12448	1516	1516	118.1	150	118	149.6	96216	12444	1553
highlight	8.2	7.2	8.1	7.2	12824	13548	129	129	5.6	7.3	5.5	7.2	71352	13552	129
laseretch	249.6	119.8	250	121.8	15148	16040	14307	14307	82.9	119.7	83.3	119.5	90076	16036	14306
middleout	19.1	25	19	25.1	11448	12196	235	235	26	25	26	24.9	79828	12212	235
orbittingvolley	51.8	44.2	51.6	44.1	13984	14932	1156	1156	24.8	44	24.9	44	79820	14884	1156
overflow	18.7	19.3	18.7	19.2	21200	23128	164	164	35.5	19.4	35.6	19.3	63180	23124	306
pour	105.8	54.6	106.8	54.5	11744	12640	7160	7160	30.8	55.2	31.3	56.9	75360	12652	7160
print	141.6	15.3	141.6	15.2	12136	13020	10057	10057	11.4	15.3	11.4	15.2	81688	13036	10057
rain	80.9	47.8	80.7	47.7	11628	12644	4736	4736	35.9	48	35.8	47.9	83652	12616	4737
randomsequence	11.6	9.5	11.6	9.4	11840	12788	208	208	6.5	9.5	6.5	9.4	69120	12780	208
rings	163.7	177.5	163.3	177.1	12556	13520	1566	1566	137	177.1	137.5	177	102380	13552	1566
scattered	81	81.8	80.8	81.5	11400	12188	420	420	49.1	81.8	49.1	81.6	83700	12256	418
slice	22.3	23.7	22.2	23.5	13928	14864	368	368	24.3	23.7	24.2	23.6	67444	14860	368
slide	27.5	31.3	27.5	31.2	11788	12588	375	375	25.8	31.4	25.7	31.2	77596	12592	375
smoke	34.1	26	34	25.9	13912	14860	630	630	20.3	26	20.3	25.9	118472	14812	565
spotlights	75	66.5	74.8	66.3	11244	12004	780	780	31.7	66.7	31.6	67.5	90148	12008	800
spray	98.4	99.7	98.6	99.9	11212	12196	1253	1253	37	100.1	36.9	99.9	85684	12192	661
swarm	249.1	230.9	248.5	230.3	21740	22644	4312	4312	204.8	230.7	204.3	230.3	120664	22660	5041
sweep	15.2	13.6	15.1	13.5	16224	17044	220	220	5.6	13.6	5.6	13.6	71352	17072	220
synthgrid	24.7	16.6	24.6	16.5	16636	17548	617	617	7.5	16.7	7.4	16.6	79572	17568	619
unstable	82.3	89	82.1	88.8	13436	14220	592	592	63.6	89	63.4	88.9	79680	14304	530
vhstape	52.7	50.2	52.6	50.2	20260	21164	726	726	30.4	50.1	30.3	50.1	93980	21196	736
waves	86.7	90.4	86.7	90.1	11624	12356	633	633	23	90.4	23.1	90.2	85780	12548	633
wipe	9.5	9.1	9.5	9	15260	16188	138	138	5.8	9.1	5.8	9	71352	16168	138
