effect	simd_best_wall_ms	variant_best_wall_ms	simd_frames	variant_frames	simd_mean_wall_ms	variant_mean_wall_ms	simd_mean_cpu_ms	variant_mean_cpu_ms	simd_peak_rss_kib	variant_peak_rss_kib
beams	32.8	32.9	890	890	33.0	33.1	32.8	32.9	12172	12176
binarypath	239.7	244.2	1932	1935	240.5	244.6	239.8	243.9	20928	20968
blackhole	77.7	78.7	1743	1717	77.8	79.1	77.6	78.9	15056	15136
bouncyballs	47.5	46.4	10393	10393	47.5	46.4	47.4	46.3	10260	10252
bubbles	73.8	72.8	11658	11650	75.2	72.9	75.0	72.7	12272	12216
burn	44.4	45.8	3237	3237	44.6	46.2	44.4	46.0	15948	15928
colorshift	34.9	34.0	528	528	35.2	34.1	35.1	34.0	9300	9296
crumble	55.8	55.4	2159	2159	56.1	55.5	55.9	55.3	13260	13264
decrypt	36.6	36.2	5480	5480	36.8	36.9	36.6	36.7	18696	18704
errorcorrect	17.3	17.2	5221	5220	17.3	17.2	17.2	17.1	12676	12816
expand	35.2	33.8	302	301	35.3	33.9	35.2	33.7	11024	10832
fireworks	117.0	115.6	1516	1507	117.2	115.9	116.8	115.5	16060	16252
highlight	6.0	6.0	129	129	6.0	6.0	6.0	6.0	11252	11216
laseretch	58.9	57.9	14307	14307	59.1	58.1	58.9	57.9	14812	16588
middleout	27.9	33.0	235	234	27.9	33.2	27.8	33.0	11988	11992
orbittingvolley	31.5	31.2	1156	1155	31.7	31.5	31.6	31.3	15980	15980
overflow	19.1	18.9	164	164	19.3	19.1	19.2	19.0	19972	20196
pour	24.7	26.7	7160	7160	24.9	26.7	24.8	26.6	10260	10252
print	13.8	14.0	10057	10057	13.8	14.1	13.8	14.0	13072	13052
rain	23.2	26.7	4736	4736	23.4	26.8	23.3	26.7	10068	10056
randomsequence	6.0	6.0	208	208	6.0	6.0	6.0	5.9	10260	10256
rings	104.0	112.5	1566	1566	104.6	113.7	104.2	113.4	11600	11584
scattered	59.8	59.0	420	420	59.9	59.2	59.7	59.0	10824	10816
slice	13.2	16.3	368	368	13.3	16.4	13.2	16.3	12456	12456
slide	29.5	29.8	375	374	29.6	30.3	29.4	30.2	10480	10448
smoke	18.2	18.7	630	630	18.4	18.9	18.3	18.7	12680	12652
spotlights	52.2	51.8	780	776	52.4	53.3	52.2	53.0	9692	9668
spray	57.1	56.8	1253	1253	57.5	57.6	57.2	57.3	10676	10672
swarm	150.4	152.8	4312	4430	153.7	154.2	153.2	153.6	19416	21580
sweep	12.7	12.9	220	220	12.9	13.0	12.8	12.9	17024	17008
synthgrid	15.3	15.3	617	617	15.5	15.6	15.4	15.4	14484	14480
unstable	69.8	69.6	592	592	70.9	70.7	70.6	70.4	12416	12348
vhstape	40.8	40.4	726	726	40.9	40.5	40.7	40.2	18900	18868
waves	37.5	37.5	633	633	38.5	38.4	38.3	38.2	10256	10256
wipe	8.3	8.5	138	138	8.4	8.5	8.3	8.4	16020	16012
