effect	version	event	mean_count	variation_percent	counter_runtime	running_percent
laseretch	before	cycles:u	1889570616	3.73%	331550608	82.00
laseretch	before	instructions:u	8109174027	0.03%	333523967	83.00
laseretch	before	cache-misses:u	8377604	17.30%	333549256	83.00
laseretch	before	dTLB-load-misses:u	32573	50.34%	332618244	83.00
laseretch	before	branches:u	1860137251	0.04%	332536406	83.00
laseretch	before	branch-misses:u	9749940	0.72%	333664659	83.00
laseretch	after	cycles:u	310520210	0.18%	52961801	82.00
laseretch	after	instructions:u	902122254	0.19%	52962925	82.00
laseretch	after	cache-misses:u	208923	2.68%	53689685	83.00
laseretch	after	dTLB-load-misses:u	15037	25.70%	53967505	84.00
laseretch	after	branches:u	159253275	0.06%	52973637	82.00
laseretch	after	branch-misses:u	2770598	0.53%	53233212	83.00
laseretch	asm	cycles:u	436375919	3.50%	94742391	83.00
laseretch	asm	instructions:u	1464752882	0.21%	94724597	83.00
laseretch	asm	cache-misses:u	208902	18.14%	94813546	83.00
laseretch	asm	dTLB-load-misses:u	34382	26.42%	94680379	83.00
laseretch	asm	branches:u	211355048	0.37%	94662584	83.00
laseretch	asm	branch-misses:u	1787700	0.41%	94887628	83.00
colorshift	before	cycles:u	112595452	8.88%	19208391	82.00
colorshift	before	instructions:u	614081837	0.32%	19204682	82.00
colorshift	before	cache-misses:u	330921	40.39%	19182120	82.00
colorshift	before	dTLB-load-misses:u	6850	15.15%	19200626	82.00
colorshift	before	branches:u	123185899	0.47%	19909553	85.00
colorshift	before	branch-misses:u	109478	4.64%	19240078	82.00
colorshift	after	cycles:u	92768789	3.40%	15558990	79.00
colorshift	after	instructions:u	506129330	0.44%	16540296	84.00
colorshift	after	cache-misses:u	405527	25.59%	16543812	84.00
colorshift	after	dTLB-load-misses:u	8444	16.68%	16544372	84.00
colorshift	after	branches:u	103285684	0.83%	16524677	84.00
colorshift	after	branch-misses:u	90177	2.24%	15961703	81.00
colorshift	asm	cycles:u	110527719	1.97%	23678297	82.00
colorshift	asm	instructions:u	347547915	1.71%	22643210	79.00
colorshift	asm	cache-misses:u	675840	17.41%	23568220	82.00
colorshift	asm	dTLB-load-misses:u	4721	2.60%	24117980	84.00
colorshift	asm	branches:u	84931554	0.60%	24573471	86.00
colorshift	asm	branch-misses:u	311198	2.31%	24247742	84.00
burn	before	cycles:u	840573094	2.76%	170438843	83.00
burn	before	instructions:u	3982769909	0.10%	170273215	83.00
burn	before	cache-misses:u	4770356	2.19%	170285891	83.00
burn	before	dTLB-load-misses:u	12471	7.30%	170232769	83.00
burn	before	branches:u	916738093	0.19%	171055607	83.00
burn	before	branch-misses:u	1940586	0.68%	168938895	82.00
burn	after	cycles:u	238734823	3.23%	36400857	82.00
burn	after	instructions:u	769791507	0.70%	37282986	84.00
burn	after	cache-misses:u	426877	13.79%	37417828	84.00
burn	after	dTLB-load-misses:u	13033	2.81%	36392590	82.00
burn	after	branches:u	162987648	0.41%	37377464	84.00
burn	after	branch-misses:u	1619053	0.73%	37023360	83.00
burn	asm	cycles:u	215773369	1.87%	41876839	82.00
burn	asm	instructions:u	576108255	0.47%	41861259	82.00
burn	asm	cache-misses:u	345871	2.46%	42187526	82.00
burn	asm	dTLB-load-misses:u	6358	14.60%	42878332	84.00
burn	asm	branches:u	99622321	0.26%	42834702	84.00
burn	asm	branch-misses:u	1286803	1.39%	42628882	83.00
print	before	cycles:u	409394735	2.72%	69988918	83.00
print	before	instructions:u	2370370450	0.23%	69029244	82.00
print	before	cache-misses:u	100570	4.78%	70037892	83.00
print	before	dTLB-load-misses:u	9214	2.08%	70025551	83.00
print	before	branches:u	523808645	0.25%	70172291	83.00
print	before	branch-misses:u	282804	2.91%	70724424	84.00
print	after	cycles:u	64994709	1.23%	12034053	80.00
print	after	instructions:u	263892480	0.93%	12024447	79.00
print	after	cache-misses:u	115911	4.79%	12884284	85.00
print	after	dTLB-load-misses:u	9309	1.16%	13039205	86.00
print	after	branches:u	51866215	0.72%	13039806	86.00
print	after	branch-misses:u	249079	2.35%	12141385	80.00
print	asm	cycles:u	55485053	6.46%	14839313	83.00
print	asm	instructions:u	161947408	0.83%	14810027	83.00
print	asm	cache-misses:u	89785	22.08%	14813765	83.00
print	asm	dTLB-load-misses:u	4682	3.58%	13836005	77.00
print	asm	branches:u	36558895	1.75%	15811040	88.00
print	asm	branch-misses:u	168247	4.25%	14934000	83.00
