experiment	effect	baseline_best_ms	candidate_best_ms	baseline_frames	candidate_frames	baseline_mean_ms	candidate_mean_ms	baseline_cpu_ms	candidate_cpu_ms	baseline_rss_kib	candidate_rss_kib
flat	colorshift	29.6	29.3	528	528	36.4	29.5	36.2	29.3	8832	8656
flat	decrypt	58.0	89.2	5480	5480	58.3	92.0	58.1	91.7	11156	11144
flat	waves	29.4	30.9	633	633	30.0	31.0	29.9	30.8	8840	8840
flat	rings	196.1	193.6	1566	1566	196.2	193.8	195.7	193.3	9484	9616
flat	middleout	25.1	24.3	235	235	25.1	24.7	25.0	24.6	8460	8468
flat	binarypath	300.3	291.4	1932	1932	311.9	292.1	311.2	291.4	21288	20640
flat	burn	64.1	113.2	3237	3237	64.2	115.5	64.0	115.2	13856	13660
flat	laseretch	113.4	279.5	14307	14307	113.6	281.6	113.3	281.0	14864	14552
rows	colorshift	29.8	36.9	528	528	29.8	36.9	29.7	36.8	8808	8856
rows	decrypt	54.7	71.9	5480	5480	54.8	71.9	54.6	71.7	11148	11140
rows	waves	29.2	34.1	633	633	29.3	34.1	29.2	34.0	8836	8756
rows	rings	195.9	214.4	1566	1566	196.3	216.0	195.7	215.4	9608	9612
rows	middleout	25.2	26.0	235	235	25.2	26.1	25.1	26.0	8380	8468
rows	binarypath	301.6	332.8	1932	1932	302.4	333.8	301.6	332.8	21304	21292
rows	burn	64.5	77.4	3237	3237	64.6	77.5	64.3	77.2	13972	13980
rows	laseretch	113.7	159.0	14307	14307	113.8	163.3	113.4	162.9	14876	14860
final	beams	42.7	42.9	890	890	42.8	43.1	42.7	42.9	10556	10568
final	binarypath	298.2	298.5	1932	1932	298.6	298.9	297.8	298.1	21312	21312
final	blackhole	122.8	123.1	1743	1743	123.1	123.1	122.7	122.7	10820	10880
final	bouncyballs	90.5	90.4	10393	10393	90.5	90.4	90.3	90.2	8912	8928
final	bubbles	128.9	130.0	11658	11658	128.9	130.1	128.6	129.8	10008	9876
final	burn	64.1	62.6	3237	3237	64.2	62.7	64.0	62.5	13964	13972
final	colorshift	29.5	29.4	528	528	29.5	29.4	29.4	29.3	8840	8832
final	crumble	85.8	86.4	2159	2159	85.8	87.3	85.5	87.1	9112	9100
final	decrypt	54.5	54.6	5480	5480	54.8	54.7	54.6	54.5	11148	11148
final	errorcorrect	23.9	24.0	5221	5221	23.9	24.0	23.8	23.9	10488	10464
final	expand	49.2	49.6	302	302	49.2	49.6	49.1	49.4	7952	7952
final	fireworks	147.4	147.6	1516	1516	147.4	147.7	147.0	147.3	8640	8656
final	highlight	5.8	5.8	129	129	5.8	5.8	5.7	5.7	9720	9720
final	laseretch	113.4	112.6	14307	14307	113.5	113.0	113.2	112.7	14880	14800
final	middleout	25.0	24.9	235	235	25.0	24.9	24.9	24.8	8372	8460
final	orbittingvolley	46.6	46.8	1156	1156	46.6	46.9	46.4	46.7	13912	14024
final	overflow	22.2	22.3	164	164	22.3	22.3	22.2	22.2	21144	21084
final	pour	46.5	46.5	7160	7160	46.6	46.9	46.4	46.7	8824	8852
final	print	17.6	17.2	10057	10057	17.6	17.3	17.5	17.1	12304	12296
final	rain	43.9	44.0	4736	4736	43.9	44.0	43.7	43.9	8796	8836
final	randomsequence	6.2	6.2	208	208	6.2	6.2	6.1	6.2	8752	8752
final	rings	195.1	193.5	1566	1566	195.3	193.7	194.7	193.1	9588	9616
final	scattered	87.9	87.3	420	420	87.9	87.3	87.6	87.1	8456	8452
final	slice	21.0	21.1	368	368	21.0	21.1	20.9	21.0	11088	11084
final	slide	34.9	35.1	375	375	35.0	35.1	34.8	34.9	8808	8848
final	smoke	25.2	25.3	630	630	25.2	25.3	25.1	25.2	10948	10952
final	spotlights	64.5	64.2	780	780	64.5	64.3	64.3	64.1	8236	8152
final	spray	74.6	76.1	1253	1253	74.6	76.1	74.4	75.9	8376	8380
final	swarm	233.0	232.8	4312	4312	233.3	233.2	232.6	232.5	18612	18820
final	sweep	11.9	11.9	220	220	11.9	11.9	11.9	11.8	13272	13316
final	synthgrid	16.2	16.3	617	617	16.2	16.3	16.1	16.2	16760	16756
final	unstable	96.4	96.4	592	592	96.5	96.6	96.1	96.3	10536	10540
final	vhstape	47.8	48.0	726	726	47.8	48.0	47.6	47.8	17312	17296
final	waves	29.2	29.3	633	633	29.2	29.3	29.1	29.2	8812	8756
final	wipe	7.8	7.8	138	138	7.8	7.9	7.8	7.8	12404	12400
