version	effect	frames	median_update_ms	median_compose_ms	median_emit_ms	median_write_ms	median_playback_ms	median_other_ms	dirty_rows	max_dirty_rows	descriptors	max_descriptors	writev_calls	write_bytes	selection_visits	cells	blank_cells	blank_spans	cursor_moves	long_symbols	patched_cells	rebuilt_rows	packet_bytes_copied	ownership_visits
before	Colorshift	528	8.733573	5.121961	3.442076	4.307468	23.948790	2.256340	12098	46	2310983	8786	2632	89913396	4614720	2298620	435528	435528	11835	0	0	12098	0	
before	Decrypt	5480	28.993601	38.864214	7.602193	10.167555	92.764618	7.133744	26732	46	4767487	8786	9194	184126209	38820320	5079080	1328284	877673	133538	0	0	26732	0	
before	Binarypath	1932	108.976017	100.290610	41.708583	22.423202	307.930538	33.838073	83623	46	12044656	8786	12755	449079522	126375984	15888370	6678838	2749337	83855	0	0	83623	0	
before	Burn	3237	36.387230	70.202462	33.260351	43.948586	207.600401	24.095393	129887	46	24812299	8786	25992	968966170	23352808	24678530	4630196	4630196	130532	0	0	129887	0	
before	Laseretch	14307	45.359687	203.223222	83.172333	83.221924	486.538450	71.561284	439728	46	46623032	8147	52686	1756264786	52839005	83548320	48010242	10478254	592393	0	0	439728	0	
before	Rain	4736	15.868155	41.169968	11.266001	5.408872	87.562001	14.157990	106635	46	2398840	981	4736	83938544	16829413	20260650	18915292	941965	106781	0	0	106635	0	
before	Print	10057	2.705934	60.964973	2.704001	4.834478	76.174960	4.968397	10955	46	1201391	8598	10229	38848728	87908237	2081450	1337915	13954	433845	0	0	10955	0	
after	Colorshift	528	14.363818	0.089288	0.156380	0.216108	16.209146	1.384877	12098	46	24461	92	528	89913396	17480	2298620	435528	435528	11835	0	1833790	46	88390288	0
after	Decrypt	5480	19.767847	0.345240	5.685327	1.752497	32.801057	5.250494	26732	46	165750	92	5480	184126209	17480	5079080	1328284	877673	133538	0	387841	3830	179329251	0
after	Binarypath	1932	147.783131	0.287340	53.057633	1.256894	231.858379	29.145652	83623	46	169410	92	1932	449079522	130824	15888370	6678838	2749337	83855	0	106848	72371	413466123	2078887
after	Burn	3237	35.959870	0.275144	5.154708	1.610510	60.856592	17.843561	129887	46	263656	92	3237	968966170	31648	24678530	4630196	4630196	130532	0	564996	46	179416886	74643
after	Laseretch	14307	34.600991	0.895118	22.369523	6.312223	123.042552	58.848314	439728	46	1046428	92	14307	1756264786	31742	83548320	48010242	10478254	592393	0	904914	46	551232929	168758
after	Rain	4736	12.852906	0.302195	12.645074	1.739630	41.999161	14.469567	106635	46	218152	92	4736	83938544	17480	20260650	18915292	941965	106781	0	373365	46	102176276	1203
after	Print	10057	4.749418	0.620173	3.279818	3.209923	16.457139	4.599809	10955	46	454857	92	10057	38848728	17482	2081450	1337915	13954	433845	0	87523	1126	27828462	0
