experiment	effects	baseline_mean_best_ms	trial_mean_best_ms	geometric_speedup
a-screen	8	156.325	171.525	0.9229
a2-screen	8	157.137	188.812	0.8571
a3-screen	8	163.325	143.213	1.1145
a3-full	35	96.714	87.983	1.0934
b2-screen	8	156.100	153.650	1.0164
b1-screen	8	161.938	156.887	1.0610
c-full	35	96.091	72.489	1.3415
c2-screen	8	155.762	98.912	1.5316
c3-screen	8	155.812	93.150	1.5954
c4-full	35	93.229	63.214	1.5155
c5-screen	8	155.512	88.875	1.7826
d-screen	8	155.350	76.638	2.0706
e-screen	11	124.809	73.764	1.5503
f-screen	12	130.142	65.125	1.7866
g-full	35	93.220	49.100	1.8027
h-screen	9	144.633	74.978	1.6338
i-screen	10	132.460	69.150	1.6030
j-screen	10	132.960	69.130	1.6081
final-full	35	93.209	48.186	1.8247
