effect	asm_best_ms	after_best_ms	asm_batch	after_batch	asm_frames	after_frames	asm_mean_ms	after_mean_ms	asm_cpu_ms	after_cpu_ms	asm_rss_kib	after_rss_kib
beams	21.6	32.4	12	9	732	890	21.7	32.5	21.5	32.3	89784	11128
binarypath	359.8	205.0	1	2	1891	1932	362.2	205.8	361.2	205.2	247376	26216
blackhole	124.7	98.8	3	4	1800	1743	124.8	98.9	124.4	98.6	92092	9276
bouncyballs	50.9	57.9	6	6	9093	10393	51.0	58.0	50.8	57.8	79408	9276
bubbles	83.7	96.7	4	4	11742	11658	84.1	96.9	83.8	96.6	92104	10464
burn	37.4	41.3	8	7	3175	3237	37.8	41.4	37.6	41.3	95980	14836
colorshift	18.8	16.2	14	18	528	528	18.8	16.3	18.6	16.2	85696	9252
crumble	73.3	66.1	4	5	1835	2159	73.4	66.2	73.1	65.9	98116	9628
decrypt	27.4	31.8	11	10	5438	5480	27.5	31.8	27.4	31.6	81400	11604
errorcorrect	24.5	24.2	11	13	5237	5221	24.6	24.2	24.4	24.1	85784	8912
expand	46.5	30.0	7	10	302	302	46.6	30.0	46.4	29.9	83628	8632
fireworks	116.9	125.4	3	3	1553	1516	117.2	125.6	116.8	125.2	96216	9256
highlight	5.5	5.1	50	55	129	129	5.5	5.1	5.4	5.1	71344	12372
laseretch	81.8	62.2	4	5	14306	14307	82.0	62.3	81.8	62.1	90052	14048
middleout	25.8	16.2	11	18	235	235	26.1	16.2	25.9	16.1	79736	9060
orbittingvolley	24.8	35.7	12	8	1156	1156	25.0	35.9	24.8	35.7	79816	10840
overflow	35.1	24.7	9	12	306	164	35.5	24.7	35.4	24.6	63156	17752
pour	30.6	27.9	10	11	7160	7160	31.0	28.0	30.9	27.9	75332	9304
print	11.6	13.9	25	21	10057	10057	11.7	14.0	11.5	13.9	81676	11236
rain	36.0	28.8	8	11	4737	4736	36.1	28.8	35.9	28.7	83640	9092
randomsequence	6.7	5.4	38	51	208	208	6.7	5.4	6.6	5.3	69124	9308
rings	137.3	103.2	3	3	1566	1566	137.6	103.3	137.2	103.0	102308	10036
scattered	49.1	58.6	6	6	418	420	49.2	58.7	49.0	58.4	83660	8920
slice	24.2	13.3	12	22	368	368	24.3	13.4	24.2	13.3	67412	9400
slide	25.7	26.2	12	12	375	375	25.8	26.2	25.7	26.1	77584	9400
smoke	20.2	15.3	15	19	565	630	20.3	15.3	20.1	15.2	118460	11044
spotlights	32.1	50.2	9	6	800	780	32.3	50.2	32.1	50.0	90144	8736
spray	36.9	67.4	8	5	661	1253	37.1	67.6	36.9	67.3	85720	8892
swarm	202.6	156.2	2	2	5041	4312	202.8	156.5	202.2	156.0	120764	18904
sweep	5.7	12.4	43	23	220	220	5.7	12.4	5.7	12.3	71356	13744
synthgrid	7.6	14.2	37	20	619	617	7.6	14.3	7.5	14.2	79560	15716
unstable	63.4	62.1	5	5	530	592	63.6	62.1	63.4	61.9	79688	9100
vhstape	30.4	36.0	10	8	736	726	30.7	37.3	30.5	37.1	93980	17932
waves	23.6	19.5	12	15	633	633	23.7	19.5	23.5	19.4	85792	9436
wipe	6.0	6.7	43	41	138	138	6.0	6.7	5.9	6.6	71336	12808
