effect	ours_ms	asm_ms	delta_ms	aggregate_delta_ms	ratio	ours_frames	asm_frames
scattered	48.7	24.8	23.9	0.6829	1.9637	420	418
middleout	26.2	8.4	17.8	0.5086	3.119	235	235
decrypt	29.9	16.9	13.0	0.3714	1.7692	5480	5438
swarm	106.8	95.4	11.4	0.3257	1.1195	4312	5041
fireworks	73.6	62.5	11.1	0.3171	1.1776	1516	1553
spotlights	37.6	26.6	11.0	0.3143	1.4135	780	800
blackhole	65.6	54.9	10.7	0.3057	1.1949	1743	1800
slide	21.6	12.7	8.9	0.2543	1.7008	375	375
bouncyballs	38.2	29.6	8.6	0.2457	1.2905	10393	9093
waves	24.1	15.7	8.4	0.24	1.535	633	633
expand	24.8	16.6	8.2	0.2343	1.494	302	302
unstable	42.9	35.3	7.6	0.2171	1.2153	592	530
vhstape	30.9	24.3	6.6	0.1886	1.2716	726	736
orbittingvolley	23.8	17.4	6.4	0.1829	1.3678	1156	1156
synthgrid	11.1	5.1	6.0	0.1714	2.1765	617	619
bubbles	51.4	46.6	4.8	0.1371	1.103	11658	11742
colorshift	21.9	17.1	4.8	0.1371	1.2807	528	528
smoke	14.1	9.6	4.5	0.1286	1.4688	630	565
slice	10.7	6.6	4.1	0.1171	1.6212	368	368
beams	14.8	11.6	3.2	0.0914	1.2759	890	732
pour	20.1	16.9	3.2	0.0914	1.1893	7160	7160
wipe	5.2	2.8	2.4	0.0686	1.8571	138	138
sweep	6.2	4.2	2.0	0.0571	1.4762	220	220
print	8.1	6.7	1.4	0.04	1.209	10057	10057
randomsequence	4.7	3.7	1.0	0.0286	1.2703	208	208
highlight	3.7	2.8	0.9	0.0257	1.3214	129	129
rain	19.1	19.2	-0.1	-0.0029	0.9948	4736	4737
overflow	11.7	12.2	-0.5	-0.0143	0.959	164	306
crumble	47.2	49.0	-1.8	-0.0514	0.9633	2159	1835
spray	25.0	26.9	-1.9	-0.0543	0.9294	1253	661
burn	22.7	25.6	-2.9	-0.0829	0.8867	3237	3175
errorcorrect	13.6	22.3	-8.7	-0.2486	0.6099	5221	5237
laseretch	47.8	59.3	-11.5	-0.3286	0.8061	14307	14306
rings	88.7	104.0	-15.3	-0.4371	0.8529	1566	1566
binarypath	164.9	183.4	-18.5	-0.5286	0.8991	1932	1891
