effect	current_ms	recorded_asm_ms	gap_ms	current_frames	recorded_asm_frames
beams	14.1	11.6	2.5	890	732
binarypath	169.5	183.4	-13.9	1932	1891
blackhole	63.2	54.9	8.3	1743	1800
bouncyballs	35.3	29.6	5.7	10393	9093
bubbles	48.1	46.6	1.5	11658	11742
burn	21.5	25.6	-4.1	3237	3175
colorshift	19.9	17.1	2.8	528	528
crumble	46.0	49.0	-3.0	2159	1835
decrypt	24.4	16.9	7.5	5480	5438
errorcorrect	12.3	22.3	-10.0	5221	5237
expand	24.4	16.6	7.8	302	302
fireworks	65.5	62.5	3.0	1516	1553
highlight	3.4	2.8	0.6	129	129
laseretch	44.4	59.3	-14.9	14307	14306
middleout	15.8	8.4	7.4	235	235
orbittingvolley	23.4	17.4	6.0	1156	1156
overflow	11.0	12.2	-1.2	164	306
pour	18.4	16.9	1.5	7160	7160
print	7.3	6.7	0.6	10057	10057
rain	17.9	19.2	-1.3	4736	4737
randomsequence	4.5	3.7	0.8	208	208
rings	89.8	104.0	-14.2	1566	1566
scattered	31.0	24.8	6.2	420	418
slice	10.8	6.6	4.2	368	368
slide	20.8	12.7	8.1	375	375
smoke	13.6	9.6	4.0	630	565
spotlights	41.2	26.6	14.6	780	800
spray	24.3	26.9	-2.6	1253	661
swarm	107.8	95.4	12.4	4312	5041
sweep	6.0	4.2	1.8	220	220
synthgrid	10.8	5.1	5.7	617	619
unstable	43.3	35.3	8.0	592	530
vhstape	30.8	24.3	6.5	726	736
waves	22.7	15.7	7.0	633	633
wipe	4.5	2.8	1.7	138	138
