effect	before_ms	after_ms	before_frames	after_frames	before_mean_ms	after_mean_ms	before_cpu_ms	after_cpu_ms	before_rss_kib	after_rss_kib	screen
beams	30.4	30.5	890	890	30.4	30.7	30.3	30.5	14000.0	13932.0	bench.log
binarypath	204.6	185.8	1932	1932	205.4	186.1	204.8	185.5	19672.0	19840.0	bench.log
blackhole	65.9	68.5	1743	1743	65.9	68.5	65.7	68.3	11256.0	11452.0	bench.log
bouncyballs	42.7	41.6	10393	10393	42.7	41.6	42.5	41.5	9856.0	9992.0	bench.log
bubbles	66.7	65.5	11658	11658	66.8	66.2	66.5	66.0	11252.0	11264.0	bench.log
burn	41.4	40.4	3237	3237	41.5	40.4	41.3	40.3	14304.0	14316.0	bench.log
colorshift	28.1	27.7	528	528	28.1	27.8	28.0	27.6	9108.0	9120.0	bench.log
crumble	52.1	51.7	2159	2159	52.2	52.3	52.0	52.1	12948.0	12952.0	bench.log
decrypt	32.3	32.0	5480	5480	32.3	32.2	32.1	32.0	18508.0	18532.0	bench.log
errorcorrect	15.0	14.5	5221	5221	15.0	14.5	14.9	14.4	9504.0	9504.0	bench.log
expand	25.2	25.6	302	302	25.2	25.7	25.1	25.5	10400.0	10604.0	bench.log
fireworks	79.1	76.0	1516	1516	79.4	76.0	79.2	75.7	16044.0	16036.0	bench.log
highlight	5.2	5.2	129	129	5.2	5.2	5.2	5.1	10984.0	11024.0	bench.log
laseretch	53.7	51.7	14307	14307	54.1	51.7	53.9	51.5	15172.0	15204.0	bench.log
middleout	22.5	26.7	235	235	22.5	26.7	22.3	26.6	11660.0	11616.0	bench-rest.log
orbittingvolley	28.5	27.4	1156	1156	28.7	27.5	28.6	27.4	12968.0	12960.0	bench-rest.log
overflow	16.9	16.3	164	164	16.9	16.4	16.8	16.2	17908.0	17840.0	bench-rest.log
pour	22.6	22.1	7160	7160	22.7	22.2	22.6	22.0	9888.0	9896.0	bench-rest.log
print	11.9	11.6	10057	10057	11.9	11.6	11.8	11.6	12584.0	12580.0	bench-rest.log
rain	20.9	20.5	4736	4736	20.9	20.6	20.8	20.5	9696.0	9704.0	bench-rest.log
randomsequence	5.0	5.0	208	208	5.0	5.0	4.9	4.9	10088.0	10080.0	bench-rest.log
rings	93.4	93.5	1566	1566	93.5	93.5	93.2	93.2	11216.0	11428.0	bench-rest.log
scattered	52.3	51.5	420	420	52.7	51.6	52.5	51.4	9700.0	9700.0	bench-rest.log
slice	12.3	12.1	368	368	12.3	12.2	12.2	12.1	10052.0	10248.0	bench-rest.log
slide	26.9	25.8	375	375	27.0	25.8	26.8	25.7	10080.0	10084.0	bench-rest.log
smoke	17.0	17.0	630	630	17.0	17.0	16.9	16.9	12192.0	12276.0	bench-rest.log
spotlights	43.3	44.7	780	780	44.6	44.9	44.4	44.7	9472.0	9496.0	bench-rest.log
spray	29.5	28.5	1253	1253	29.6	28.8	29.5	28.6	9680.0	9680.0	bench-rest.log
swarm	120.9	116.8	4312	4312	121.2	117.1	120.7	116.6	23108.0	23264.0	bench-rest.log
sweep	11.7	11.6	220	220	11.7	11.7	11.6	11.5	16692.0	16704.0	bench-rest.log
synthgrid	13.6	13.5	617	617	13.7	13.6	13.6	13.5	14120.0	14120.0	bench-rest.log
unstable	46.2	49.4	592	592	46.4	49.5	46.2	49.3	10120.0	10108.0	bench-rest.log
vhstape	36.6	36.7	726	726	36.7	36.8	36.5	36.6	18548.0	18504.0	bench-rest.log
waves	31.7	31.3	633	633	31.7	31.5	31.5	31.3	10024.0	10016.0	bench-rest.log
wipe	7.3	7.4	138	138	7.4	7.4	7.3	7.3	15808.0	15796.0	bench-rest.log
