variant	effect	baseline_ms	candidate_ms	frames
eight	colorshift	23.8	28.3	528
eight	decrypt	103.2	146.8	5480
eight	waves	33.8	39.5	633
eight	rings	224.1	226.6	1566
eight	middleout	29.5	31.3	235
eight	binarypath	342.1	409.8	1932
eight	burn	163.8	188.4	3237
eight	laseretch	388.7	446.7	14307
four	colorshift	23.9	31.7	528
four	decrypt	102.8	147.2	5480
four	waves	33.8	42.6	633
four	rings	224.0	236.5	1566
four	middleout	29.5	33.0	235
four	binarypath	335.4	378.1	1932
four	burn	163.9	211.1	3237
four	laseretch	387.6	491.2	14307
range	colorshift	23.8	24.1	528
range	decrypt	103.1	105.0	5480
range	waves	33.9	34.2	633
range	rings	224.5	222.3	1566
range	middleout	29.5	29.5	235
range	binarypath	334.4	330.7	1932
range	burn	163.8	165.6	3237
range	laseretch	388.5	388.7	14307
pair	colorshift	23.9	24.5	528
pair	decrypt	103.5	108.5	5480
pair	waves	33.8	34.8	633
pair	rings	224.4	224.9	1566
pair	middleout	29.5	29.8	235
pair	binarypath	334.6	343.5	1932
pair	burn	163.5	174.1	3237
pair	laseretch	393.9	405.1	14307
